filename,final_label
1.wav,Disgusted
2.wav,Fearful
3.wav,Angry
4.wav,Fearful
5.wav,Neutral
6.wav,Fearful
7.wav,Angry
8.wav,Sad
9.wav,Sad
10.wav,Disgusted
11.wav,Fearful
12.wav,Disgusted
13.wav,Happy
14.wav,Fearful
15.wav,Fearful
16.wav,Fearful
17.wav,Fearful
18.wav,Fearful
19.wav,Sad
20.wav,Fearful
21.wav,Disgusted
22.wav,Fearful
23.wav,Sad
24.wav,Angry
25.wav,Suprised
26.wav,Disgusted
27.wav,Fearful
28.wav,Fearful
29.wav,Sad
30.wav,Suprised
31.wav,Angry
32.wav,Sad
33.wav,Fearful
34.wav,Happy
35.wav,Sad
36.wav,Sad
37.wav,Neutral
38.wav,Suprised
39.wav,Sad
40.wav,Disgusted
41.wav,Fearful
42.wav,Sad
43.wav,Angry
44.wav,Disgusted
45.wav,Disgusted
46.wav,Disgusted
47.wav,Happy
48.wav,Happy
49.wav,Sad
50.wav,Angry
51.wav,Suprised
52.wav,Fearful
53.wav,Angry
54.wav,Angry
55.wav,Angry
56.wav,Neutral
57.wav,Disgusted
58.wav,Neutral
59.wav,Sad
60.wav,Disgusted
61.wav,Neutral
62.wav,Sad
63.wav,Neutral
64.wav,Fearful
65.wav,Fearful
66.wav,Happy
67.wav,Suprised
68.wav,Suprised
69.wav,Fearful
70.wav,Fearful
71.wav,Disgusted
72.wav,Suprised
73.wav,Happy
74.wav,Sad
75.wav,Disgusted
76.wav,Angry
77.wav,Neutral
78.wav,Happy
79.wav,Disgusted
80.wav,Angry
81.wav,Disgusted
82.wav,Suprised
83.wav,Sad
84.wav,Sad
85.wav,Neutral
86.wav,Neutral
87.wav,Fearful
88.wav,Angry
89.wav,Disgusted
90.wav,Happy
91.wav,Sad
92.wav,Angry
93.wav,Happy
94.wav,Angry
95.wav,Fearful
96.wav,Neutral
97.wav,Happy
98.wav,Happy
99.wav,Sad
100.wav,Fearful
101.wav,Happy
102.wav,Neutral
103.wav,Neutral
104.wav,Happy
105.wav,Neutral
106.wav,Fearful
107.wav,Happy
108.wav,Sad
109.wav,Sad
110.wav,Fearful
111.wav,Fearful
112.wav,Neutral
113.wav,Angry
114.wav,Sad
115.wav,Disgusted
116.wav,Fearful
117.wav,Fearful
118.wav,Angry
119.wav,Sad
120.wav,Sad
121.wav,Neutral
122.wav,Neutral
123.wav,Neutral
124.wav,Happy
125.wav,Happy
126.wav,Suprised
127.wav,Neutral
128.wav,Neutral
129.wav,Angry
130.wav,Fearful
131.wav,Angry
132.wav,Angry
133.wav,Neutral
134.wav,Fearful
135.wav,Sad
136.wav,Sad
137.wav,Fearful
138.wav,Happy
139.wav,Fearful
140.wav,Suprised
141.wav,Sad
142.wav,Sad
143.wav,Fearful
144.wav,Sad
145.wav,Disgusted
146.wav,Angry
147.wav,Fearful
148.wav,Neutral
149.wav,Angry
150.wav,Happy
151.wav,Happy
152.wav,Angry
153.wav,Fearful
154.wav,Neutral
155.wav,Fearful
156.wav,Angry
157.wav,Happy
158.wav,Disgusted
159.wav,Happy
160.wav,Sad
161.wav,Disgusted
162.wav,Happy
163.wav,Neutral
164.wav,Disgusted
165.wav,Angry
166.wav,Neutral
167.wav,Disgusted
168.wav,Neutral
169.wav,Neutral
170.wav,Neutral
171.wav,Happy
172.wav,Happy
173.wav,Angry
174.wav,Angry
175.wav,Happy
176.wav,Neutral
177.wav,Angry
178.wav,Disgusted
179.wav,Happy
180.wav,Happy
181.wav,Sad
182.wav,Disgusted
183.wav,Happy
184.wav,Suprised
185.wav,Angry
186.wav,Happy
187.wav,Neutral
188.wav,Angry
189.wav,Fearful
190.wav,Fearful
191.wav,Angry
192.wav,Neutral
193.wav,Angry
194.wav,Fearful
195.wav,Sad
196.wav,Sad
197.wav,Fearful
198.wav,Sad
199.wav,Sad
200.wav,Neutral
201.wav,Angry
202.wav,Happy
203.wav,Happy
204.wav,Fearful
205.wav,Suprised
206.wav,Sad
207.wav,Sad
208.wav,Happy
209.wav,Sad
210.wav,Angry
211.wav,Happy
212.wav,Sad
213.wav,Angry
214.wav,Fearful
215.wav,Angry
216.wav,Happy
217.wav,Fearful
218.wav,Sad
219.wav,Angry
220.wav,Angry
221.wav,Angry
222.wav,Neutral
223.wav,Sad
224.wav,Sad
225.wav,Sad
226.wav,Disgusted
227.wav,Sad
228.wav,Sad
229.wav,Angry
230.wav,Neutral
231.wav,Angry
232.wav,Fearful
233.wav,Neutral
234.wav,Happy
235.wav,Neutral
236.wav,Sad
237.wav,Suprised
238.wav,Angry
239.wav,Disgusted
240.wav,Suprised
241.wav,Sad
242.wav,Fearful
243.wav,Happy
244.wav,Angry
245.wav,Fearful
246.wav,Angry
247.wav,Angry
248.wav,Neutral
249.wav,Neutral
250.wav,Angry
251.wav,Neutral
252.wav,Angry
253.wav,Fearful
254.wav,Neutral
255.wav,Angry
256.wav,Sad
257.wav,Suprised
258.wav,Angry
259.wav,Neutral
260.wav,Sad
261.wav,Angry
262.wav,Disgusted
263.wav,Sad
264.wav,Angry
265.wav,Angry
266.wav,Fearful
267.wav,Suprised
268.wav,Neutral
269.wav,Disgusted
270.wav,Happy
271.wav,Sad
272.wav,Neutral
273.wav,Disgusted
274.wav,Disgusted
275.wav,Disgusted
276.wav,Sad
277.wav,Sad
278.wav,Sad
279.wav,Neutral
280.wav,Sad
281.wav,Angry
282.wav,Disgusted
283.wav,Disgusted
284.wav,Happy
285.wav,Happy
286.wav,Neutral
287.wav,Sad
288.wav,Angry
289.wav,Fearful
290.wav,Angry
291.wav,Happy
292.wav,Disgusted
293.wav,Disgusted
294.wav,Sad
295.wav,Disgusted
296.wav,Sad
297.wav,Neutral
298.wav,Angry
299.wav,Neutral
300.wav,Fearful
301.wav,Sad
302.wav,Sad
303.wav,Angry
304.wav,Happy
305.wav,Disgusted
306.wav,Neutral
307.wav,Fearful
308.wav,Fearful
309.wav,Disgusted
310.wav,Sad
311.wav,Happy
312.wav,Angry
313.wav,Fearful
314.wav,Angry
315.wav,Happy
316.wav,Angry
317.wav,Angry
318.wav,Suprised
319.wav,Neutral
320.wav,Sad
321.wav,Fearful
322.wav,Happy
323.wav,Sad
324.wav,Suprised
325.wav,Disgusted
326.wav,Neutral
327.wav,Sad
328.wav,Angry
329.wav,Angry
330.wav,Disgusted
331.wav,Sad
332.wav,Sad
333.wav,Angry
334.wav,Fearful
335.wav,Neutral
336.wav,Neutral
337.wav,Happy
338.wav,Sad
339.wav,Angry
340.wav,Angry
341.wav,Happy
342.wav,Sad
343.wav,Fearful
344.wav,Angry
345.wav,Sad
346.wav,Sad
347.wav,Suprised
348.wav,Angry
349.wav,Fearful
350.wav,Disgusted
351.wav,Fearful
352.wav,Fearful
353.wav,Neutral
354.wav,Neutral
355.wav,Disgusted
356.wav,Neutral
357.wav,Happy
358.wav,Happy
359.wav,Angry
360.wav,Happy
361.wav,Disgusted
362.wav,Sad
363.wav,Sad
364.wav,Angry
365.wav,Angry
366.wav,Happy
367.wav,Fearful
368.wav,Disgusted
369.wav,Happy
370.wav,Neutral
371.wav,Fearful
372.wav,Disgusted
373.wav,Angry
374.wav,Happy
375.wav,Disgusted
376.wav,Happy
377.wav,Happy
378.wav,Happy
379.wav,Angry
380.wav,Disgusted
381.wav,Neutral
382.wav,Fearful
383.wav,Sad
384.wav,Suprised
385.wav,Happy
386.wav,Sad
387.wav,Sad
388.wav,Neutral
389.wav,Fearful
390.wav,Neutral
391.wav,Neutral
392.wav,Angry
393.wav,Angry
394.wav,Disgusted
395.wav,Happy
396.wav,Angry
397.wav,Disgusted
398.wav,Neutral
399.wav,Disgusted
400.wav,Angry
401.wav,Angry
402.wav,Happy
403.wav,Angry
404.wav,Disgusted
405.wav,Sad
406.wav,Neutral
407.wav,Neutral
408.wav,Sad
409.wav,Angry
410.wav,Angry
411.wav,Neutral
412.wav,Happy
413.wav,Angry
414.wav,Disgusted
415.wav,Happy
416.wav,Neutral
417.wav,Suprised
418.wav,Angry
419.wav,Neutral
420.wav,Angry
421.wav,Disgusted
422.wav,Fearful
423.wav,Happy
424.wav,Happy
425.wav,Disgusted
426.wav,Angry
427.wav,Neutral
428.wav,Angry
429.wav,Fearful
430.wav,Fearful
431.wav,Sad
432.wav,Fearful
433.wav,Happy
434.wav,Fearful
435.wav,Happy
436.wav,Suprised
437.wav,Happy
438.wav,Happy
439.wav,Angry
440.wav,Sad
441.wav,Neutral
442.wav,Fearful
443.wav,Fearful
444.wav,Sad
445.wav,Fearful
446.wav,Disgusted
447.wav,Fearful
448.wav,Angry
449.wav,Happy
450.wav,Angry
451.wav,Fearful
452.wav,Happy
453.wav,Neutral
454.wav,Neutral
455.wav,Fearful
456.wav,Angry
457.wav,Happy
458.wav,Fearful
459.wav,Happy
460.wav,Angry
461.wav,Sad
462.wav,Angry
463.wav,Sad
464.wav,Happy
465.wav,Fearful
466.wav,Happy
467.wav,Angry
468.wav,Disgusted
469.wav,Angry
470.wav,Happy
471.wav,Happy
472.wav,Suprised
473.wav,Angry
474.wav,Disgusted
475.wav,Disgusted
476.wav,Fearful
477.wav,Fearful
478.wav,Angry
479.wav,Neutral
480.wav,Happy
481.wav,Neutral
482.wav,Happy
483.wav,Fearful
484.wav,Disgusted
485.wav,Disgusted
486.wav,Angry
487.wav,Happy
488.wav,Angry
489.wav,Happy
490.wav,Happy
491.wav,Happy
492.wav,Happy
493.wav,Angry
494.wav,Disgusted
495.wav,Happy
496.wav,Neutral
497.wav,Fearful
498.wav,Angry
499.wav,Happy
500.wav,Neutral
501.wav,Happy
502.wav,Neutral
503.wav,Neutral
504.wav,Sad
505.wav,Sad
506.wav,Fearful
507.wav,Fearful
508.wav,Sad
509.wav,Disgusted
510.wav,Sad
511.wav,Fearful
512.wav,Angry
513.wav,Happy
514.wav,Sad
515.wav,Happy
516.wav,Angry
517.wav,Sad
518.wav,Neutral
519.wav,Sad
520.wav,Fearful
521.wav,Fearful
522.wav,Fearful
523.wav,Angry
524.wav,Fearful
525.wav,Fearful
526.wav,Neutral
527.wav,Disgusted
528.wav,Fearful
529.wav,Angry
530.wav,Fearful
531.wav,Fearful
532.wav,Suprised
533.wav,Happy
534.wav,Fearful
535.wav,Angry
536.wav,Happy
537.wav,Sad
538.wav,Neutral
539.wav,Sad
540.wav,Neutral
541.wav,Fearful
542.wav,Disgusted
543.wav,Suprised
544.wav,Sad
545.wav,Fearful
546.wav,Disgusted
547.wav,Suprised
548.wav,Angry
549.wav,Angry
550.wav,Disgusted
551.wav,Angry
552.wav,Happy
553.wav,Disgusted
554.wav,Happy
555.wav,Suprised
556.wav,Fearful
557.wav,Happy
558.wav,Angry
559.wav,Happy
560.wav,Fearful
561.wav,Suprised
562.wav,Sad
563.wav,Angry
564.wav,Neutral
565.wav,Fearful
566.wav,Fearful
567.wav,Happy
568.wav,Angry
569.wav,Suprised
570.wav,Happy
571.wav,Sad
572.wav,Happy
573.wav,Angry
574.wav,Sad
575.wav,Neutral
576.wav,Fearful
577.wav,Happy
578.wav,Fearful
579.wav,Happy
580.wav,Happy
581.wav,Angry
582.wav,Angry
583.wav,Fearful
584.wav,Angry
585.wav,Neutral
586.wav,Fearful
587.wav,Sad
588.wav,Sad
589.wav,Happy
590.wav,Neutral
591.wav,Sad
592.wav,Happy
593.wav,Sad
594.wav,Neutral
595.wav,Angry
596.wav,Disgusted
597.wav,Fearful
598.wav,Neutral
599.wav,Sad
600.wav,Happy
601.wav,Happy
602.wav,Sad
603.wav,Disgusted
604.wav,Angry
605.wav,Sad
606.wav,Suprised
607.wav,Angry
608.wav,Fearful
609.wav,Neutral
610.wav,Sad
611.wav,Fearful
612.wav,Happy
613.wav,Fearful
614.wav,Sad
615.wav,Disgusted
616.wav,Angry
617.wav,Fearful
618.wav,Sad
619.wav,Disgusted
620.wav,Fearful
621.wav,Fearful
622.wav,Angry
623.wav,Sad
624.wav,Happy
625.wav,Angry
626.wav,Angry
627.wav,Disgusted
628.wav,Fearful
629.wav,Angry
630.wav,Fearful
631.wav,Disgusted
632.wav,Fearful
633.wav,Neutral
634.wav,Sad
635.wav,Happy
636.wav,Happy
637.wav,Happy
638.wav,Suprised
639.wav,Fearful
640.wav,Angry
641.wav,Angry
642.wav,Disgusted
643.wav,Angry
644.wav,Happy
645.wav,Disgusted
646.wav,Neutral
647.wav,Disgusted
648.wav,Neutral
649.wav,Sad
650.wav,Neutral
651.wav,Angry
652.wav,Happy
653.wav,Disgusted
654.wav,Suprised
655.wav,Neutral
656.wav,Disgusted
657.wav,Happy
658.wav,Happy
659.wav,Neutral
660.wav,Disgusted
661.wav,Happy
662.wav,Sad
663.wav,Angry
664.wav,Disgusted
665.wav,Happy
666.wav,Fearful
667.wav,Angry
668.wav,Angry
669.wav,Happy
670.wav,Suprised
671.wav,Suprised
672.wav,Neutral
673.wav,Disgusted
674.wav,Fearful
675.wav,Fearful
676.wav,Angry
677.wav,Happy
678.wav,Neutral
679.wav,Neutral
680.wav,Suprised
681.wav,Suprised
682.wav,Angry
683.wav,Sad
684.wav,Happy
685.wav,Happy
686.wav,Happy
687.wav,Happy
688.wav,Fearful
689.wav,Happy
690.wav,Fearful
691.wav,Disgusted
692.wav,Disgusted
693.wav,Happy
694.wav,Neutral
695.wav,Happy
696.wav,Fearful
697.wav,Happy
698.wav,Happy
699.wav,Fearful
700.wav,Happy
701.wav,Happy
702.wav,Happy
703.wav,Fearful
704.wav,Happy
705.wav,Sad
706.wav,Sad
707.wav,Sad
708.wav,Neutral
709.wav,Disgusted
710.wav,Sad
711.wav,Disgusted
712.wav,Neutral
713.wav,Neutral
714.wav,Disgusted
715.wav,Disgusted
716.wav,Sad
717.wav,Sad
718.wav,Happy
719.wav,Angry
720.wav,Sad
721.wav,Fearful
722.wav,Sad
723.wav,Neutral
724.wav,Neutral
725.wav,Disgusted
726.wav,Angry
727.wav,Disgusted
728.wav,Happy
729.wav,Neutral
730.wav,Sad
731.wav,Neutral
732.wav,Happy
733.wav,Fearful
734.wav,Fearful
735.wav,Sad
736.wav,Neutral
737.wav,Happy
738.wav,Fearful
739.wav,Sad
740.wav,Happy
741.wav,Fearful
742.wav,Angry
743.wav,Disgusted
744.wav,Angry
745.wav,Suprised
746.wav,Disgusted
747.wav,Angry
748.wav,Suprised
749.wav,Sad
750.wav,Neutral
751.wav,Suprised
752.wav,Disgusted
753.wav,Neutral
754.wav,Sad
755.wav,Happy
756.wav,Sad
757.wav,Neutral
758.wav,Angry
759.wav,Suprised
760.wav,Fearful
761.wav,Angry
762.wav,Fearful
763.wav,Neutral
764.wav,Neutral
765.wav,Suprised
766.wav,Disgusted
767.wav,Sad
768.wav,Angry
769.wav,Sad
770.wav,Disgusted
771.wav,Neutral
772.wav,Neutral
773.wav,Neutral
774.wav,Angry
775.wav,Fearful
776.wav,Happy
777.wav,Neutral
778.wav,Angry
779.wav,Fearful
780.wav,Disgusted
781.wav,Happy
782.wav,Angry
783.wav,Fearful
784.wav,Happy
785.wav,Angry
786.wav,Happy
787.wav,Neutral
788.wav,Disgusted
789.wav,Happy
790.wav,Angry
791.wav,Fearful
792.wav,Suprised
793.wav,Neutral
794.wav,Sad
795.wav,Happy
796.wav,Happy
797.wav,Sad
798.wav,Suprised
799.wav,Fearful
800.wav,Disgusted
801.wav,Suprised
802.wav,Disgusted
803.wav,Angry
804.wav,Disgusted
805.wav,Sad
806.wav,Angry
807.wav,Disgusted
808.wav,Disgusted
809.wav,Sad
810.wav,Happy
811.wav,Neutral
812.wav,Disgusted
813.wav,Sad
814.wav,Angry
815.wav,Happy
816.wav,Sad
817.wav,Disgusted
818.wav,Angry
819.wav,Angry
820.wav,Fearful
821.wav,Disgusted
822.wav,Neutral
823.wav,Suprised
824.wav,Fearful
825.wav,Angry
826.wav,Fearful
827.wav,Happy
828.wav,Disgusted
829.wav,Fearful
830.wav,Disgusted
831.wav,Happy
832.wav,Sad
833.wav,Sad
834.wav,Sad
835.wav,Suprised
836.wav,Fearful
837.wav,Sad
838.wav,Angry
839.wav,Sad
840.wav,Disgusted
841.wav,Angry
842.wav,Sad
843.wav,Fearful
844.wav,Neutral
845.wav,Sad
846.wav,Happy
847.wav,Fearful
848.wav,Happy
849.wav,Sad
850.wav,Fearful
851.wav,Neutral
852.wav,Fearful
853.wav,Happy
854.wav,Fearful
855.wav,Happy
856.wav,Happy
857.wav,Angry
858.wav,Fearful
859.wav,Angry
860.wav,Angry
861.wav,Sad
862.wav,Fearful
863.wav,Angry
864.wav,Sad
865.wav,Angry
866.wav,Disgusted
867.wav,Happy
868.wav,Fearful
869.wav,Sad
870.wav,Happy
871.wav,Sad
872.wav,Happy
873.wav,Disgusted
874.wav,Neutral
875.wav,Sad
876.wav,Disgusted
877.wav,Sad
878.wav,Happy
879.wav,Neutral
880.wav,Happy
881.wav,Fearful
882.wav,Fearful
883.wav,Suprised
884.wav,Disgusted
885.wav,Angry
886.wav,Happy
887.wav,Fearful
888.wav,Angry
889.wav,Sad
890.wav,Neutral
891.wav,Angry
892.wav,Disgusted
893.wav,Angry
894.wav,Angry
895.wav,Happy
896.wav,Angry
897.wav,Sad
898.wav,Neutral
899.wav,Angry
900.wav,Sad
901.wav,Angry
902.wav,Disgusted
903.wav,Angry
904.wav,Sad
905.wav,Happy
906.wav,Angry
907.wav,Happy
908.wav,Angry
909.wav,Happy
910.wav,Happy
911.wav,Sad
912.wav,Happy
913.wav,Sad
914.wav,Angry
915.wav,Disgusted
916.wav,Happy
917.wav,Angry
918.wav,Fearful
919.wav,Disgusted
920.wav,Angry
921.wav,Happy
922.wav,Happy
923.wav,Happy
924.wav,Angry
925.wav,Fearful
926.wav,Sad
927.wav,Angry
928.wav,Happy
929.wav,Happy
930.wav,Sad
931.wav,Sad
932.wav,Suprised
933.wav,Fearful
934.wav,Angry
935.wav,Angry
936.wav,Fearful
937.wav,Disgusted
938.wav,Happy
939.wav,Happy
940.wav,Neutral
941.wav,Sad
942.wav,Angry
943.wav,Neutral
944.wav,Angry
945.wav,Angry
946.wav,Angry
947.wav,Happy
948.wav,Angry
949.wav,Sad
950.wav,Sad
951.wav,Angry
952.wav,Happy
953.wav,Suprised
954.wav,Disgusted
955.wav,Sad
956.wav,Happy
957.wav,Neutral
958.wav,Disgusted
959.wav,Angry
960.wav,Angry
961.wav,Angry
962.wav,Fearful
963.wav,Neutral
964.wav,Disgusted
965.wav,Neutral
966.wav,Disgusted
967.wav,Angry
968.wav,Suprised
969.wav,Fearful
970.wav,Suprised
971.wav,Sad
972.wav,Happy
973.wav,Happy
974.wav,Disgusted
975.wav,Angry
976.wav,Neutral
977.wav,Happy
978.wav,Happy
979.wav,Happy
980.wav,Sad
981.wav,Disgusted
982.wav,Neutral
983.wav,Suprised
984.wav,Sad
985.wav,Disgusted
986.wav,Happy
987.wav,Disgusted
988.wav,Angry
989.wav,Disgusted
990.wav,Sad
991.wav,Disgusted
992.wav,Neutral
993.wav,Neutral
994.wav,Neutral
995.wav,Happy
996.wav,Sad
997.wav,Angry
998.wav,Disgusted
999.wav,Happy
1000.wav,Sad
1001.wav,Suprised
1002.wav,Disgusted
1003.wav,Fearful
1004.wav,Happy
1005.wav,Disgusted
1006.wav,Suprised
1007.wav,Neutral
1008.wav,Angry
1009.wav,Sad
1010.wav,Neutral
1011.wav,Suprised
1012.wav,Fearful
1013.wav,Angry
1014.wav,Neutral
1015.wav,Sad
1016.wav,Angry
1017.wav,Angry
1018.wav,Angry
1019.wav,Angry
1020.wav,Sad
1021.wav,Sad
1022.wav,Neutral
1023.wav,Fearful
1024.wav,Fearful
1025.wav,Happy
1026.wav,Suprised
1027.wav,Disgusted
1028.wav,Happy
1029.wav,Neutral
1030.wav,Angry
1031.wav,Happy
1032.wav,Sad
1033.wav,Sad
1034.wav,Angry
1035.wav,Neutral
1036.wav,Fearful
1037.wav,Happy
1038.wav,Neutral
1039.wav,Happy
1040.wav,Neutral
1041.wav,Happy
1042.wav,Sad
1043.wav,Happy
1044.wav,Happy
1045.wav,Fearful
1046.wav,Neutral
1047.wav,Happy
1048.wav,Angry
1049.wav,Suprised
1050.wav,Fearful
1051.wav,Disgusted
1052.wav,Disgusted
1053.wav,Angry
1054.wav,Fearful
1055.wav,Disgusted
1056.wav,Disgusted
1057.wav,Angry
1058.wav,Happy
1059.wav,Angry
1060.wav,Angry
1061.wav,Angry
1062.wav,Sad
1063.wav,Neutral
1064.wav,Happy
1065.wav,Neutral
1066.wav,Angry
1067.wav,Disgusted
1068.wav,Sad
1069.wav,Neutral
1070.wav,Neutral
1071.wav,Fearful
1072.wav,Fearful
1073.wav,Sad
1074.wav,Angry
1075.wav,Disgusted
1076.wav,Angry
1077.wav,Angry
1078.wav,Sad
1079.wav,Angry
1080.wav,Happy
1081.wav,Suprised
1082.wav,Sad
1083.wav,Angry
1084.wav,Angry
1085.wav,Sad
1086.wav,Disgusted
1087.wav,Fearful
1088.wav,Neutral
1089.wav,Sad
1090.wav,Happy
1091.wav,Neutral
1092.wav,Neutral
1093.wav,Fearful
1094.wav,Angry
1095.wav,Suprised
1096.wav,Suprised
1097.wav,Happy
1098.wav,Fearful
1099.wav,Happy
1100.wav,Happy
1101.wav,Sad
1102.wav,Sad
1103.wav,Neutral
1104.wav,Disgusted
1105.wav,Fearful
1106.wav,Happy
1107.wav,Sad
1108.wav,Neutral
1109.wav,Neutral
1110.wav,Fearful
1111.wav,Fearful
1112.wav,Angry
1113.wav,Angry
1114.wav,Happy
1115.wav,Angry
1116.wav,Sad
1117.wav,Sad
1118.wav,Neutral
1119.wav,Disgusted
1120.wav,Fearful
1121.wav,Neutral
1122.wav,Neutral
1123.wav,Fearful
1124.wav,Disgusted
1125.wav,Neutral
1126.wav,Neutral
1127.wav,Neutral
1128.wav,Fearful
1129.wav,Disgusted
1130.wav,Neutral
1131.wav,Fearful
1132.wav,Happy
1133.wav,Disgusted
1134.wav,Fearful
1135.wav,Angry
1136.wav,Fearful
1137.wav,Fearful
1138.wav,Disgusted
1139.wav,Disgusted
1140.wav,Fearful
1141.wav,Fearful
1142.wav,Happy
1143.wav,Fearful
1144.wav,Happy
1145.wav,Angry
1146.wav,Angry
1147.wav,Suprised
1148.wav,Neutral
1149.wav,Disgusted
1150.wav,Disgusted
1151.wav,Happy
1152.wav,Happy
1153.wav,Fearful
1154.wav,Fearful
1155.wav,Fearful
1156.wav,Neutral
1157.wav,Neutral
1158.wav,Fearful
1159.wav,Neutral
1160.wav,Neutral
1161.wav,Fearful
1162.wav,Neutral
1163.wav,Disgusted
1164.wav,Happy
1165.wav,Angry
1166.wav,Happy
1167.wav,Fearful
1168.wav,Angry
1169.wav,Neutral
1170.wav,Neutral
1171.wav,Fearful
1172.wav,Fearful
1173.wav,Disgusted
1174.wav,Angry
1175.wav,Disgusted
1176.wav,Suprised
1177.wav,Disgusted
1178.wav,Happy
1179.wav,Happy
1180.wav,Angry
1181.wav,Fearful
1182.wav,Disgusted
1183.wav,Sad
1184.wav,Happy
1185.wav,Fearful
1186.wav,Disgusted
1187.wav,Angry
1188.wav,Fearful
1189.wav,Happy
1190.wav,Neutral
1191.wav,Angry
1192.wav,Sad
1193.wav,Happy
1194.wav,Sad
1195.wav,Suprised
1196.wav,Angry
1197.wav,Neutral
1198.wav,Neutral
1199.wav,Neutral
1200.wav,Suprised
1201.wav,Neutral
1202.wav,Neutral
1203.wav,Sad
1204.wav,Neutral
1205.wav,Disgusted
1206.wav,Angry
1207.wav,Happy
1208.wav,Neutral
1209.wav,Fearful
1210.wav,Happy
1211.wav,Suprised
1212.wav,Sad
1213.wav,Sad
1214.wav,Disgusted
1215.wav,Fearful
1216.wav,Disgusted
1217.wav,Fearful
1218.wav,Disgusted
1219.wav,Fearful
1220.wav,Neutral
1221.wav,Neutral
1222.wav,Suprised
1223.wav,Sad
1224.wav,Neutral
1225.wav,Happy
1226.wav,Fearful
1227.wav,Disgusted
1228.wav,Neutral
1229.wav,Sad
1230.wav,Happy
1231.wav,Happy
1232.wav,Happy
1233.wav,Happy
1234.wav,Suprised
1235.wav,Disgusted
1236.wav,Happy
1237.wav,Happy
1238.wav,Happy
1239.wav,Suprised
1240.wav,Angry
1241.wav,Fearful
1242.wav,Suprised
1243.wav,Fearful
1244.wav,Angry
1245.wav,Sad
1246.wav,Neutral
1247.wav,Neutral
1248.wav,Happy
1249.wav,Suprised
1250.wav,Suprised
1251.wav,Fearful
1252.wav,Neutral
1253.wav,Fearful
1254.wav,Angry
1255.wav,Sad
1256.wav,Sad
1257.wav,Disgusted
1258.wav,Neutral
1259.wav,Neutral
1260.wav,Angry
1261.wav,Happy
1262.wav,Sad
1263.wav,Happy
1264.wav,Neutral
1265.wav,Sad
1266.wav,Neutral
1267.wav,Happy
1268.wav,Suprised
1269.wav,Suprised
1270.wav,Sad
1271.wav,Neutral
1272.wav,Fearful
1273.wav,Happy
1274.wav,Sad
1275.wav,Fearful
1276.wav,Disgusted
1277.wav,Disgusted
1278.wav,Disgusted
1279.wav,Fearful
1280.wav,Sad
1281.wav,Neutral
1282.wav,Disgusted
1283.wav,Happy
1284.wav,Neutral
1285.wav,Happy
1286.wav,Disgusted
1287.wav,Angry
1288.wav,Happy
1289.wav,Sad
1290.wav,Disgusted
1291.wav,Happy
1292.wav,Neutral
1293.wav,Disgusted
1294.wav,Angry
1295.wav,Angry
1296.wav,Suprised
1297.wav,Happy
1298.wav,Disgusted
1299.wav,Fearful
1300.wav,Angry
1301.wav,Sad
1302.wav,Sad
1303.wav,Fearful
1304.wav,Disgusted
1305.wav,Fearful
1306.wav,Angry
1307.wav,Suprised
1308.wav,Fearful
1309.wav,Happy
1310.wav,Disgusted
1311.wav,Fearful
1312.wav,Angry
1313.wav,Disgusted
1314.wav,Happy
1315.wav,Sad
1316.wav,Neutral
1317.wav,Neutral
1318.wav,Fearful
1319.wav,Sad
1320.wav,Sad
1321.wav,Neutral
1322.wav,Angry
1323.wav,Sad
1324.wav,Sad
1325.wav,Sad
1326.wav,Sad
1327.wav,Disgusted
1328.wav,Angry
1329.wav,Fearful
1330.wav,Angry
1331.wav,Fearful
1332.wav,Disgusted
1333.wav,Sad
1334.wav,Sad
1335.wav,Happy
1336.wav,Fearful
1337.wav,Neutral
1338.wav,Angry
1339.wav,Neutral
1340.wav,Angry
1341.wav,Sad
1342.wav,Happy
1343.wav,Sad
1344.wav,Neutral
1345.wav,Disgusted
1346.wav,Sad
1347.wav,Suprised
1348.wav,Neutral
1349.wav,Happy
1350.wav,Fearful
1351.wav,Angry
1352.wav,Disgusted
1353.wav,Disgusted
1354.wav,Sad
1355.wav,Fearful
1356.wav,Sad
1357.wav,Happy
1358.wav,Neutral
1359.wav,Neutral
1360.wav,Angry
1361.wav,Sad
1362.wav,Sad
1363.wav,Happy
1364.wav,Disgusted
1365.wav,Fearful
1366.wav,Sad
1367.wav,Happy
1368.wav,Sad
1369.wav,Suprised
1370.wav,Angry
1371.wav,Fearful
1372.wav,Happy
1373.wav,Fearful
1374.wav,Sad
1375.wav,Angry
1376.wav,Fearful
1377.wav,Happy
1378.wav,Happy
1379.wav,Sad
1380.wav,Neutral
1381.wav,Happy
1382.wav,Disgusted
1383.wav,Sad
1384.wav,Fearful
1385.wav,Angry
1386.wav,Neutral
1387.wav,Happy
1388.wav,Angry
1389.wav,Disgusted
1390.wav,Angry
1391.wav,Sad
1392.wav,Sad
1393.wav,Neutral
1394.wav,Disgusted
1395.wav,Angry
1396.wav,Fearful
1397.wav,Disgusted
1398.wav,Disgusted
1399.wav,Sad
1400.wav,Angry
1401.wav,Angry
1402.wav,Angry
1403.wav,Angry
1404.wav,Happy
1405.wav,Disgusted
1406.wav,Happy
1407.wav,Sad
1408.wav,Angry
1409.wav,Fearful
1410.wav,Disgusted
1411.wav,Sad
1412.wav,Sad
1413.wav,Disgusted
1414.wav,Happy
1415.wav,Fearful
1416.wav,Disgusted
1417.wav,Disgusted
1418.wav,Sad
1419.wav,Fearful
1420.wav,Disgusted
1421.wav,Neutral
1422.wav,Happy
1423.wav,Disgusted
1424.wav,Angry
1425.wav,Happy
1426.wav,Sad
1427.wav,Disgusted
1428.wav,Disgusted
1429.wav,Fearful
1430.wav,Fearful
1431.wav,Disgusted
1432.wav,Happy
1433.wav,Suprised
1434.wav,Angry
1435.wav,Neutral
1436.wav,Happy
1437.wav,Disgusted
1438.wav,Suprised
1439.wav,Angry
1440.wav,Fearful
1441.wav,Sad
1442.wav,Disgusted
1443.wav,Neutral
1444.wav,Sad
1445.wav,Disgusted
1446.wav,Disgusted
1447.wav,Neutral
1448.wav,Disgusted
1449.wav,Fearful
1450.wav,Neutral
1451.wav,Disgusted
1452.wav,Neutral
1453.wav,Disgusted
1454.wav,Neutral
1455.wav,Disgusted
1456.wav,Sad
1457.wav,Happy
1458.wav,Neutral
1459.wav,Angry
1460.wav,Neutral
1461.wav,Disgusted
1462.wav,Fearful
1463.wav,Angry
1464.wav,Angry
1465.wav,Angry
1466.wav,Disgusted
1467.wav,Disgusted
1468.wav,Happy
1469.wav,Sad
1470.wav,Happy
1471.wav,Neutral
1472.wav,Happy
1473.wav,Angry
1474.wav,Sad
1475.wav,Sad
1476.wav,Angry
1477.wav,Suprised
1478.wav,Happy
1479.wav,Happy
1480.wav,Disgusted
1481.wav,Fearful
1482.wav,Disgusted
1483.wav,Disgusted
1484.wav,Angry
1485.wav,Neutral
1486.wav,Sad
1487.wav,Fearful
1488.wav,Sad
1489.wav,Disgusted
1490.wav,Fearful
1491.wav,Disgusted
1492.wav,Disgusted
1493.wav,Sad
1494.wav,Sad
1495.wav,Angry
1496.wav,Happy
1497.wav,Angry
1498.wav,Neutral
1499.wav,Disgusted
1500.wav,Disgusted
1501.wav,Happy
1502.wav,Happy
1503.wav,Sad
1504.wav,Neutral
1505.wav,Angry
1506.wav,Fearful
1507.wav,Angry
1508.wav,Angry
1509.wav,Happy
1510.wav,Happy
1511.wav,Angry
1512.wav,Neutral
1513.wav,Fearful
1514.wav,Fearful
1515.wav,Sad
1516.wav,Angry
1517.wav,Happy
1518.wav,Sad
1519.wav,Fearful
1520.wav,Disgusted
1521.wav,Angry
1522.wav,Happy
1523.wav,Disgusted
1524.wav,Fearful
1525.wav,Fearful
1526.wav,Sad
1527.wav,Neutral
1528.wav,Happy
1529.wav,Happy
1530.wav,Sad
1531.wav,Fearful
1532.wav,Neutral
1533.wav,Angry
1534.wav,Angry
1535.wav,Neutral
1536.wav,Happy
1537.wav,Disgusted
1538.wav,Fearful
1539.wav,Happy
1540.wav,Disgusted
1541.wav,Sad
1542.wav,Neutral
1543.wav,Disgusted
1544.wav,Sad
1545.wav,Happy
1546.wav,Sad
1547.wav,Suprised
1548.wav,Fearful
1549.wav,Happy
1550.wav,Neutral
1551.wav,Disgusted
1552.wav,Neutral
1553.wav,Angry
1554.wav,Fearful
1555.wav,Disgusted
1556.wav,Neutral
1557.wav,Fearful
1558.wav,Neutral
1559.wav,Angry
1560.wav,Sad
1561.wav,Sad
1562.wav,Fearful
1563.wav,Angry
1564.wav,Happy
1565.wav,Neutral
1566.wav,Neutral
1567.wav,Sad
1568.wav,Fearful
1569.wav,Fearful
1570.wav,Angry
1571.wav,Fearful
1572.wav,Fearful
1573.wav,Fearful
1574.wav,Neutral
1575.wav,Fearful
1576.wav,Neutral
1577.wav,Angry
1578.wav,Neutral
1579.wav,Happy
1580.wav,Angry
1581.wav,Neutral
1582.wav,Disgusted
1583.wav,Fearful
1584.wav,Disgusted
1585.wav,Fearful
1586.wav,Sad
1587.wav,Neutral
1588.wav,Angry
1589.wav,Angry
1590.wav,Happy
1591.wav,Happy
1592.wav,Happy
1593.wav,Sad
1594.wav,Angry
1595.wav,Sad
1596.wav,Angry
1597.wav,Angry
1598.wav,Happy
1599.wav,Fearful
1600.wav,Sad
1601.wav,Happy
1602.wav,Disgusted
1603.wav,Neutral
1604.wav,Angry
1605.wav,Fearful
1606.wav,Happy
1607.wav,Happy
1608.wav,Happy
1609.wav,Fearful
1610.wav,Neutral
1611.wav,Fearful
1612.wav,Neutral
1613.wav,Fearful
1614.wav,Fearful
1615.wav,Neutral
1616.wav,Angry
1617.wav,Suprised
1618.wav,Sad
1619.wav,Happy
1620.wav,Disgusted
1621.wav,Disgusted
1622.wav,Sad
1623.wav,Angry
1624.wav,Happy
1625.wav,Happy
1626.wav,Suprised
1627.wav,Suprised
1628.wav,Disgusted
1629.wav,Angry
1630.wav,Happy
1631.wav,Disgusted
1632.wav,Disgusted
1633.wav,Angry
1634.wav,Neutral
1635.wav,Disgusted
1636.wav,Neutral
1637.wav,Neutral
1638.wav,Neutral
1639.wav,Angry
1640.wav,Fearful
1641.wav,Neutral
1642.wav,Angry
1643.wav,Happy
1644.wav,Angry
1645.wav,Sad
1646.wav,Happy
1647.wav,Happy
1648.wav,Neutral
1649.wav,Sad
1650.wav,Disgusted
1651.wav,Sad
1652.wav,Sad
1653.wav,Disgusted
1654.wav,Neutral
1655.wav,Disgusted
1656.wav,Fearful
1657.wav,Neutral
1658.wav,Sad
1659.wav,Neutral
1660.wav,Sad
1661.wav,Angry
1662.wav,Fearful
1663.wav,Angry
1664.wav,Happy
1665.wav,Happy
1666.wav,Neutral
1667.wav,Happy
1668.wav,Angry
1669.wav,Angry
1670.wav,Neutral
1671.wav,Neutral
1672.wav,Fearful
1673.wav,Fearful
1674.wav,Neutral
1675.wav,Angry
1676.wav,Fearful
1677.wav,Fearful
1678.wav,Happy
1679.wav,Happy
1680.wav,Angry
1681.wav,Neutral
1682.wav,Suprised
1683.wav,Happy
1684.wav,Angry
1685.wav,Angry
1686.wav,Happy
1687.wav,Happy
1688.wav,Neutral
1689.wav,Disgusted
1690.wav,Disgusted
1691.wav,Happy
1692.wav,Happy
1693.wav,Suprised
1694.wav,Sad
1695.wav,Neutral
1696.wav,Fearful
1697.wav,Happy
1698.wav,Sad
1699.wav,Happy
1700.wav,Angry
1701.wav,Disgusted
1702.wav,Disgusted
1703.wav,Angry
1704.wav,Fearful
1705.wav,Sad
1706.wav,Sad
1707.wav,Disgusted
1708.wav,Happy
1709.wav,Disgusted
1710.wav,Angry
1711.wav,Neutral
1712.wav,Fearful
1713.wav,Sad
1714.wav,Fearful
1715.wav,Disgusted
1716.wav,Neutral
1717.wav,Fearful
1718.wav,Sad
1719.wav,Angry
1720.wav,Fearful
1721.wav,Suprised
1722.wav,Neutral
1723.wav,Sad
1724.wav,Fearful
1725.wav,Fearful
1726.wav,Sad
1727.wav,Suprised
1728.wav,Happy
1729.wav,Fearful
1730.wav,Fearful
1731.wav,Neutral
1732.wav,Sad
1733.wav,Neutral
1734.wav,Happy
1735.wav,Angry
1736.wav,Angry
1737.wav,Fearful
1738.wav,Sad
1739.wav,Neutral
1740.wav,Fearful
1741.wav,Fearful
1742.wav,Angry
1743.wav,Angry
1744.wav,Happy
1745.wav,Fearful
1746.wav,Neutral
1747.wav,Fearful
1748.wav,Happy
1749.wav,Happy
1750.wav,Disgusted
1751.wav,Disgusted
1752.wav,Happy
1753.wav,Sad
1754.wav,Angry
1755.wav,Sad
1756.wav,Angry
1757.wav,Angry
1758.wav,Sad
1759.wav,Fearful
1760.wav,Sad
1761.wav,Sad
1762.wav,Disgusted
1763.wav,Neutral
1764.wav,Neutral
1765.wav,Angry
1766.wav,Neutral
1767.wav,Fearful
1768.wav,Sad
1769.wav,Suprised
1770.wav,Fearful
1771.wav,Disgusted
1772.wav,Sad
1773.wav,Disgusted
1774.wav,Angry
1775.wav,Sad
1776.wav,Happy
1777.wav,Neutral
1778.wav,Happy
1779.wav,Happy
1780.wav,Fearful
1781.wav,Angry
1782.wav,Sad
1783.wav,Disgusted
1784.wav,Happy
1785.wav,Fearful
1786.wav,Angry
1787.wav,Sad
1788.wav,Sad
1789.wav,Fearful
1790.wav,Fearful
1791.wav,Sad
1792.wav,Neutral
1793.wav,Disgusted
1794.wav,Sad
1795.wav,Sad
1796.wav,Sad
1797.wav,Angry
1798.wav,Fearful
1799.wav,Sad
1800.wav,Neutral
1801.wav,Angry
1802.wav,Fearful
1803.wav,Suprised
1804.wav,Suprised
1805.wav,Fearful
1806.wav,Happy
1807.wav,Angry
1808.wav,Angry
1809.wav,Happy
1810.wav,Angry
1811.wav,Happy
1812.wav,Angry
1813.wav,Happy
1814.wav,Angry
1815.wav,Happy
1816.wav,Disgusted
1817.wav,Sad
1818.wav,Angry
1819.wav,Happy
1820.wav,Fearful
1821.wav,Neutral
1822.wav,Happy
1823.wav,Happy
1824.wav,Sad
1825.wav,Sad
1826.wav,Angry
1827.wav,Sad
1828.wav,Neutral
1829.wav,Happy
1830.wav,Happy
1831.wav,Sad
1832.wav,Angry
1833.wav,Disgusted
1834.wav,Sad
1835.wav,Neutral
1836.wav,Sad
1837.wav,Neutral
1838.wav,Fearful
1839.wav,Angry
1840.wav,Neutral
1841.wav,Sad
1842.wav,Neutral
1843.wav,Happy
1844.wav,Angry
1845.wav,Sad
1846.wav,Neutral
1847.wav,Fearful
1848.wav,Neutral
1849.wav,Angry
1850.wav,Sad
1851.wav,Fearful
1852.wav,Happy
1853.wav,Suprised
1854.wav,Neutral
1855.wav,Happy
1856.wav,Sad
1857.wav,Neutral
1858.wav,Angry
1859.wav,Sad
1860.wav,Disgusted
1861.wav,Happy
1862.wav,Sad
1863.wav,Happy
1864.wav,Fearful
1865.wav,Happy
1866.wav,Disgusted
1867.wav,Fearful
1868.wav,Fearful
1869.wav,Happy
1870.wav,Neutral
1871.wav,Angry
1872.wav,Fearful
1873.wav,Fearful
1874.wav,Suprised
1875.wav,Angry
1876.wav,Sad
1877.wav,Happy
1878.wav,Angry
1879.wav,Sad
1880.wav,Sad
1881.wav,Fearful
1882.wav,Angry
1883.wav,Angry
1884.wav,Sad
1885.wav,Fearful
1886.wav,Fearful
1887.wav,Angry
1888.wav,Suprised
1889.wav,Sad
1890.wav,Disgusted
1891.wav,Sad
1892.wav,Happy
1893.wav,Happy
1894.wav,Happy
1895.wav,Happy
1896.wav,Sad
1897.wav,Angry
1898.wav,Disgusted
1899.wav,Neutral
1900.wav,Angry
1901.wav,Fearful
1902.wav,Fearful
1903.wav,Neutral
1904.wav,Sad
1905.wav,Fearful
1906.wav,Neutral
1907.wav,Happy
1908.wav,Sad
1909.wav,Angry
1910.wav,Happy
1911.wav,Neutral
1912.wav,Fearful
1913.wav,Sad
1914.wav,Disgusted
1915.wav,Fearful
1916.wav,Angry
1917.wav,Happy
1918.wav,Sad
1919.wav,Angry
1920.wav,Fearful
1921.wav,Fearful
1922.wav,Happy
1923.wav,Neutral
1924.wav,Angry
1925.wav,Sad
1926.wav,Neutral
1927.wav,Disgusted
1928.wav,Neutral
1929.wav,Suprised
1930.wav,Happy
1931.wav,Disgusted
1932.wav,Sad
1933.wav,Happy
1934.wav,Sad
1935.wav,Fearful
1936.wav,Neutral
1937.wav,Fearful
1938.wav,Happy
1939.wav,Disgusted
1940.wav,Sad
1941.wav,Suprised
1942.wav,Fearful
1943.wav,Fearful
1944.wav,Happy
1945.wav,Sad
1946.wav,Disgusted
1947.wav,Sad
1948.wav,Happy
1949.wav,Happy
1950.wav,Neutral
1951.wav,Happy
1952.wav,Neutral
1953.wav,Fearful
1954.wav,Disgusted
1955.wav,Suprised
1956.wav,Disgusted
1957.wav,Fearful
1958.wav,Sad
1959.wav,Suprised
1960.wav,Neutral
1961.wav,Fearful
1962.wav,Happy
1963.wav,Suprised
1964.wav,Disgusted
1965.wav,Sad
1966.wav,Sad
1967.wav,Sad
1968.wav,Neutral
1969.wav,Disgusted
1970.wav,Angry
1971.wav,Sad
1972.wav,Sad
1973.wav,Happy
1974.wav,Happy
1975.wav,Sad
1976.wav,Sad
1977.wav,Neutral
1978.wav,Neutral
1979.wav,Fearful
1980.wav,Fearful
1981.wav,Suprised
1982.wav,Angry
1983.wav,Disgusted
1984.wav,Happy
1985.wav,Happy
1986.wav,Fearful
1987.wav,Neutral
1988.wav,Neutral
1989.wav,Fearful
1990.wav,Fearful
1991.wav,Angry
1992.wav,Fearful
1993.wav,Neutral
1994.wav,Fearful
1995.wav,Suprised
1996.wav,Happy
1997.wav,Happy
1998.wav,Neutral
1999.wav,Fearful
2000.wav,Happy
2001.wav,Sad
2002.wav,Angry
2003.wav,Neutral
2004.wav,Neutral
2005.wav,Disgusted
2006.wav,Sad
2007.wav,Sad
2008.wav,Angry
2009.wav,Angry
2010.wav,Angry
2011.wav,Sad
2012.wav,Disgusted
2013.wav,Disgusted
2014.wav,Disgusted
2015.wav,Fearful
2016.wav,Happy
2017.wav,Fearful
2018.wav,Disgusted
2019.wav,Sad
2020.wav,Disgusted
2021.wav,Neutral
2022.wav,Fearful
2023.wav,Disgusted
2024.wav,Angry
2025.wav,Sad
2026.wav,Angry
2027.wav,Fearful
2028.wav,Sad
2029.wav,Disgusted
2030.wav,Neutral
2031.wav,Fearful
2032.wav,Neutral
2033.wav,Disgusted
2034.wav,Fearful
2035.wav,Angry
2036.wav,Neutral
2037.wav,Fearful
2038.wav,Neutral
2039.wav,Fearful
2040.wav,Disgusted
2041.wav,Happy
2042.wav,Suprised
2043.wav,Fearful
2044.wav,Angry
2045.wav,Disgusted
2046.wav,Angry
2047.wav,Fearful
2048.wav,Happy
2049.wav,Disgusted
2050.wav,Neutral
2051.wav,Neutral
2052.wav,Neutral
2053.wav,Angry
2054.wav,Happy
2055.wav,Disgusted
2056.wav,Neutral
2057.wav,Neutral
2058.wav,Disgusted
2059.wav,Neutral
2060.wav,Sad
2061.wav,Sad
2062.wav,Suprised
2063.wav,Fearful
2064.wav,Fearful
2065.wav,Angry
2066.wav,Happy
2067.wav,Angry
2068.wav,Sad
2069.wav,Angry
2070.wav,Happy
2071.wav,Sad
2072.wav,Fearful
2073.wav,Angry
2074.wav,Happy
2075.wav,Angry
2076.wav,Fearful
2077.wav,Fearful
2078.wav,Happy
2079.wav,Happy
2080.wav,Sad
2081.wav,Sad
2082.wav,Happy
2083.wav,Sad
2084.wav,Angry
2085.wav,Happy
2086.wav,Sad
2087.wav,Angry
2088.wav,Suprised
2089.wav,Disgusted
2090.wav,Fearful
2091.wav,Disgusted
2092.wav,Neutral
2093.wav,Disgusted
2094.wav,Neutral
2095.wav,Happy
2096.wav,Angry
2097.wav,Fearful
2098.wav,Fearful
2099.wav,Angry
2100.wav,Disgusted
2101.wav,Fearful
2102.wav,Fearful
2103.wav,Happy
2104.wav,Neutral
2105.wav,Angry
2106.wav,Disgusted
2107.wav,Neutral
2108.wav,Sad
2109.wav,Disgusted
2110.wav,Sad
2111.wav,Happy
2112.wav,Neutral
2113.wav,Happy
2114.wav,Sad
2115.wav,Happy
2116.wav,Neutral
2117.wav,Suprised
2118.wav,Happy
2119.wav,Neutral
2120.wav,Angry
2121.wav,Fearful
2122.wav,Sad
2123.wav,Sad
2124.wav,Sad
2125.wav,Suprised
2126.wav,Angry
2127.wav,Angry
2128.wav,Sad
2129.wav,Neutral
2130.wav,Disgusted
2131.wav,Fearful
2132.wav,Fearful
2133.wav,Neutral
2134.wav,Fearful
2135.wav,Angry
2136.wav,Happy
2137.wav,Sad
2138.wav,Angry
2139.wav,Disgusted
2140.wav,Disgusted
2141.wav,Happy
2142.wav,Angry
2143.wav,Happy
2144.wav,Neutral
2145.wav,Angry
2146.wav,Angry
2147.wav,Fearful
2148.wav,Neutral
2149.wav,Happy
2150.wav,Happy
2151.wav,Neutral
2152.wav,Disgusted
2153.wav,Disgusted
2154.wav,Happy
2155.wav,Happy
2156.wav,Angry
2157.wav,Angry
2158.wav,Disgusted
2159.wav,Fearful
2160.wav,Suprised
2161.wav,Sad
2162.wav,Neutral
2163.wav,Fearful
2164.wav,Disgusted
2165.wav,Neutral
2166.wav,Fearful
2167.wav,Angry
2168.wav,Sad
2169.wav,Suprised
2170.wav,Angry
2171.wav,Disgusted
2172.wav,Fearful
2173.wav,Disgusted
2174.wav,Sad
2175.wav,Angry
2176.wav,Neutral
2177.wav,Fearful
2178.wav,Angry
2179.wav,Sad
2180.wav,Happy
2181.wav,Suprised
2182.wav,Neutral
2183.wav,Fearful
2184.wav,Angry
2185.wav,Disgusted
2186.wav,Fearful
2187.wav,Sad
2188.wav,Fearful
2189.wav,Happy
2190.wav,Happy
2191.wav,Sad
2192.wav,Sad
2193.wav,Neutral
2194.wav,Disgusted
2195.wav,Fearful
2196.wav,Neutral
2197.wav,Happy
2198.wav,Happy
2199.wav,Happy
2200.wav,Happy
2201.wav,Sad
2202.wav,Neutral
2203.wav,Happy
2204.wav,Neutral
2205.wav,Happy
2206.wav,Happy
2207.wav,Sad
2208.wav,Happy
2209.wav,Happy
2210.wav,Sad
2211.wav,Fearful
2212.wav,Sad
2213.wav,Fearful
2214.wav,Happy
2215.wav,Angry
2216.wav,Happy
2217.wav,Angry
2218.wav,Suprised
2219.wav,Fearful
2220.wav,Suprised
2221.wav,Fearful
2222.wav,Fearful
2223.wav,Neutral
2224.wav,Disgusted
2225.wav,Neutral
2226.wav,Angry
2227.wav,Neutral
2228.wav,Fearful
2229.wav,Happy
2230.wav,Happy
2231.wav,Fearful
2232.wav,Sad
2233.wav,Neutral
2234.wav,Angry
2235.wav,Disgusted
2236.wav,Disgusted
2237.wav,Neutral
2238.wav,Happy
2239.wav,Neutral
2240.wav,Neutral
2241.wav,Angry
2242.wav,Fearful
2243.wav,Neutral
2244.wav,Sad
2245.wav,Angry
2246.wav,Angry
2247.wav,Happy
2248.wav,Neutral
2249.wav,Sad
2250.wav,Angry
2251.wav,Happy
2252.wav,Sad
2253.wav,Fearful
2254.wav,Neutral
2255.wav,Sad
2256.wav,Disgusted
2257.wav,Disgusted
2258.wav,Happy
2259.wav,Happy
2260.wav,Sad
2261.wav,Happy
2262.wav,Happy
2263.wav,Sad
2264.wav,Sad
2265.wav,Neutral
2266.wav,Fearful
2267.wav,Happy
2268.wav,Sad
2269.wav,Fearful
2270.wav,Sad
2271.wav,Neutral
2272.wav,Neutral
2273.wav,Disgusted
2274.wav,Happy
2275.wav,Fearful
2276.wav,Happy
2277.wav,Angry
2278.wav,Disgusted
2279.wav,Fearful
2280.wav,Angry
2281.wav,Sad
2282.wav,Angry
2283.wav,Disgusted
2284.wav,Neutral
2285.wav,Happy
2286.wav,Happy
2287.wav,Neutral
2288.wav,Happy
2289.wav,Fearful
2290.wav,Disgusted
2291.wav,Sad
2292.wav,Happy
2293.wav,Fearful
2294.wav,Disgusted
2295.wav,Neutral
2296.wav,Sad
2297.wav,Sad
2298.wav,Angry
2299.wav,Fearful
2300.wav,Sad
2301.wav,Sad
2302.wav,Neutral
2303.wav,Neutral
2304.wav,Angry
2305.wav,Neutral
2306.wav,Fearful
2307.wav,Happy
2308.wav,Sad
2309.wav,Fearful
2310.wav,Sad
2311.wav,Disgusted
2312.wav,Sad
2313.wav,Angry
2314.wav,Disgusted
2315.wav,Angry
2316.wav,Neutral
2317.wav,Suprised
2318.wav,Happy
2319.wav,Fearful
2320.wav,Angry
2321.wav,Neutral
2322.wav,Angry
2323.wav,Neutral
2324.wav,Suprised
2325.wav,Sad
2326.wav,Happy
2327.wav,Fearful
2328.wav,Sad
2329.wav,Sad
2330.wav,Happy
2331.wav,Fearful
2332.wav,Happy
2333.wav,Angry
2334.wav,Happy
2335.wav,Disgusted
2336.wav,Happy
2337.wav,Neutral
2338.wav,Disgusted
2339.wav,Disgusted
2340.wav,Happy
2341.wav,Happy
2342.wav,Disgusted
2343.wav,Angry
2344.wav,Happy
2345.wav,Suprised
2346.wav,Disgusted
2347.wav,Happy
2348.wav,Neutral
2349.wav,Suprised
2350.wav,Disgusted
2351.wav,Neutral
2352.wav,Happy
2353.wav,Happy
2354.wav,Fearful
2355.wav,Angry
2356.wav,Happy
2357.wav,Disgusted
2358.wav,Happy
2359.wav,Suprised
2360.wav,Happy
2361.wav,Happy
2362.wav,Fearful
2363.wav,Fearful
2364.wav,Happy
2365.wav,Happy
2366.wav,Fearful
2367.wav,Neutral
2368.wav,Angry
2369.wav,Neutral
2370.wav,Disgusted
2371.wav,Suprised
2372.wav,Happy
2373.wav,Fearful
2374.wav,Fearful
2375.wav,Sad
2376.wav,Angry
2377.wav,Neutral
2378.wav,Disgusted
2379.wav,Neutral
2380.wav,Neutral
2381.wav,Angry
2382.wav,Sad
2383.wav,Disgusted
2384.wav,Fearful
2385.wav,Angry
2386.wav,Disgusted
2387.wav,Sad
2388.wav,Sad
2389.wav,Disgusted
2390.wav,Happy
2391.wav,Happy
2392.wav,Sad
2393.wav,Neutral
2394.wav,Sad
2395.wav,Happy
2396.wav,Happy
2397.wav,Happy
2398.wav,Neutral
2399.wav,Disgusted
2400.wav,Neutral
2401.wav,Suprised
2402.wav,Sad
2403.wav,Angry
2404.wav,Fearful
2405.wav,Happy
2406.wav,Sad
2407.wav,Sad
2408.wav,Sad
2409.wav,Disgusted
2410.wav,Sad
2411.wav,Happy
2412.wav,Disgusted
2413.wav,Happy
2414.wav,Angry
2415.wav,Disgusted
2416.wav,Sad
2417.wav,Happy
2418.wav,Fearful
2419.wav,Sad
2420.wav,Happy
2421.wav,Angry
2422.wav,Happy
2423.wav,Happy
2424.wav,Neutral
2425.wav,Fearful
2426.wav,Angry
2427.wav,Neutral
2428.wav,Angry
2429.wav,Happy
2430.wav,Happy
2431.wav,Angry
2432.wav,Disgusted
2433.wav,Suprised
2434.wav,Fearful
2435.wav,Happy
2436.wav,Sad
2437.wav,Disgusted
2438.wav,Angry
2439.wav,Sad
2440.wav,Happy
2441.wav,Angry
2442.wav,Sad
2443.wav,Happy
2444.wav,Disgusted
2445.wav,Fearful
2446.wav,Suprised
2447.wav,Happy
2448.wav,Neutral
2449.wav,Happy
2450.wav,Fearful
2451.wav,Happy
2452.wav,Sad
2453.wav,Sad
2454.wav,Fearful
2455.wav,Sad
2456.wav,Sad
2457.wav,Happy
2458.wav,Sad
2459.wav,Angry
2460.wav,Fearful
2461.wav,Neutral
2462.wav,Happy
2463.wav,Sad
2464.wav,Neutral
2465.wav,Happy
2466.wav,Happy
2467.wav,Disgusted
2468.wav,Sad
2469.wav,Fearful
2470.wav,Disgusted
2471.wav,Fearful
2472.wav,Fearful
2473.wav,Sad
2474.wav,Angry
2475.wav,Suprised
2476.wav,Sad
2477.wav,Happy
2478.wav,Sad
2479.wav,Happy
2480.wav,Fearful
2481.wav,Sad
2482.wav,Angry
2483.wav,Suprised
2484.wav,Disgusted
2485.wav,Disgusted
2486.wav,Neutral
2487.wav,Angry
2488.wav,Disgusted
2489.wav,Angry
2490.wav,Neutral
2491.wav,Sad
2492.wav,Angry
2493.wav,Happy
2494.wav,Fearful
2495.wav,Neutral
2496.wav,Happy
2497.wav,Sad
2498.wav,Angry
2499.wav,Neutral
2500.wav,Fearful
2501.wav,Neutral
2502.wav,Fearful
2503.wav,Angry
2504.wav,Happy
2505.wav,Fearful
2506.wav,Neutral
2507.wav,Neutral
2508.wav,Angry
2509.wav,Fearful
2510.wav,Disgusted
2511.wav,Fearful
2512.wav,Fearful
2513.wav,Suprised
2514.wav,Neutral
2515.wav,Disgusted
2516.wav,Angry
2517.wav,Angry
2518.wav,Angry
2519.wav,Angry
2520.wav,Angry
2521.wav,Fearful
2522.wav,Disgusted
2523.wav,Sad
2524.wav,Happy
2525.wav,Fearful
2526.wav,Fearful
2527.wav,Happy
2528.wav,Disgusted
2529.wav,Fearful
2530.wav,Fearful
2531.wav,Disgusted
2532.wav,Fearful
2533.wav,Neutral
2534.wav,Neutral
2535.wav,Happy
2536.wav,Neutral
2537.wav,Neutral
2538.wav,Happy
2539.wav,Neutral
2540.wav,Suprised
2541.wav,Fearful
2542.wav,Happy
2543.wav,Sad
2544.wav,Disgusted
2545.wav,Happy
2546.wav,Happy
2547.wav,Neutral
2548.wav,Happy
2549.wav,Happy
2550.wav,Happy
2551.wav,Sad
2552.wav,Sad
2553.wav,Angry
2554.wav,Neutral
2555.wav,Fearful
2556.wav,Fearful
2557.wav,Fearful
