filename,emotion
1.wav,Disgusted
2.wav,Angry
3.wav,Angry
4.wav,Happy
5.wav,Neutral
6.wav,Sad
7.wav,Neutral
8.wav,Neutral
9.wav,Happy
10.wav,Disgusted
11.wav,Angry
12.wav,Sad
13.wav,Neutral
14.wav,Disgusted
15.wav,Happy
16.wav,Angry
17.wav,Fearful
18.wav,Neutral
19.wav,Suprised
20.wav,Fearful
21.wav,Sad
22.wav,Happy
23.wav,Disgusted
24.wav,Fearful
25.wav,Angry
26.wav,Neutral
27.wav,Happy
28.wav,Angry
29.wav,Fearful
30.wav,Sad
31.wav,Disgusted
32.wav,Suprised
33.wav,Angry
34.wav,Angry
35.wav,Neutral
36.wav,Neutral
37.wav,Sad
38.wav,Neutral
39.wav,Fearful
40.wav,Happy
41.wav,Sad
42.wav,Sad
43.wav,Neutral
44.wav,Sad
45.wav,Happy
46.wav,Suprised
47.wav,Angry
48.wav,Suprised
49.wav,Fearful
50.wav,Neutral
51.wav,Sad
52.wav,Neutral
53.wav,Fearful
54.wav,Happy
55.wav,Neutral
56.wav,Happy
57.wav,Neutral
58.wav,Neutral
59.wav,Sad
60.wav,Happy
61.wav,Angry
62.wav,Sad
63.wav,Neutral
64.wav,Fearful
65.wav,Angry
66.wav,Suprised
67.wav,Neutral
68.wav,Happy
69.wav,Happy
70.wav,Happy
71.wav,Neutral
72.wav,Neutral
73.wav,Neutral
74.wav,Sad
75.wav,Sad
76.wav,Happy
77.wav,Neutral
78.wav,Disgusted
79.wav,Sad
80.wav,Neutral
81.wav,Neutral
82.wav,Suprised
83.wav,Disgusted
84.wav,Angry
85.wav,Sad
86.wav,Angry
87.wav,Angry
88.wav,Sad
89.wav,Sad
90.wav,Neutral
91.wav,Angry
92.wav,Disgusted
93.wav,Sad
94.wav,Angry
95.wav,Angry
96.wav,Neutral
97.wav,Fearful
98.wav,Neutral
99.wav,Neutral
100.wav,Angry
101.wav,Fearful
102.wav,Suprised
103.wav,Sad
104.wav,Happy
105.wav,Neutral
106.wav,Fearful
107.wav,Angry
108.wav,Sad
109.wav,Neutral
110.wav,Sad
111.wav,Happy
112.wav,Sad
113.wav,Sad
114.wav,Disgusted
115.wav,Neutral
116.wav,Happy
117.wav,Angry
118.wav,Happy
119.wav,Angry
120.wav,Sad
121.wav,Sad
122.wav,Angry
123.wav,Angry
124.wav,Disgusted
125.wav,Sad
126.wav,Happy
127.wav,Sad
128.wav,Fearful
129.wav,Suprised
130.wav,Neutral
131.wav,Suprised
132.wav,Happy
133.wav,Happy
134.wav,Disgusted
135.wav,Neutral
136.wav,Happy
137.wav,Happy
138.wav,Happy
139.wav,Happy
140.wav,Sad
141.wav,Sad
142.wav,Angry
143.wav,Happy
144.wav,Happy
145.wav,Neutral
146.wav,Happy
147.wav,Fearful
148.wav,Angry
149.wav,Disgusted
150.wav,Angry
151.wav,Suprised
152.wav,Happy
153.wav,Neutral
154.wav,Sad
155.wav,Sad
156.wav,Sad
157.wav,Happy
158.wav,Neutral
159.wav,Neutral
160.wav,Happy
161.wav,Suprised
162.wav,Disgusted
163.wav,Happy
164.wav,Neutral
165.wav,Neutral
166.wav,Sad
167.wav,Disgusted
168.wav,Neutral
169.wav,Happy
170.wav,Disgusted
171.wav,Sad
172.wav,Disgusted
173.wav,Sad
174.wav,Neutral
175.wav,Suprised
176.wav,Happy
177.wav,Angry
178.wav,Fearful
179.wav,Neutral
180.wav,Angry
181.wav,Disgusted
182.wav,Disgusted
183.wav,Angry
184.wav,Angry
185.wav,Angry
186.wav,Neutral
187.wav,Suprised
188.wav,Happy
189.wav,Sad
190.wav,Disgusted
191.wav,Angry
192.wav,Happy
193.wav,Neutral
194.wav,Neutral
195.wav,Angry
196.wav,Sad
197.wav,Angry
198.wav,Happy
199.wav,Sad
200.wav,Happy
201.wav,Neutral
202.wav,Fearful
203.wav,Suprised
204.wav,Fearful
205.wav,Neutral
206.wav,Angry
207.wav,Angry
208.wav,Neutral
209.wav,Sad
210.wav,Happy
211.wav,Happy
212.wav,Neutral
213.wav,Neutral
214.wav,Suprised
215.wav,Sad
216.wav,Fearful
217.wav,Sad
218.wav,Disgusted
219.wav,Sad
220.wav,Fearful
221.wav,Suprised
222.wav,Neutral
223.wav,Sad
224.wav,Neutral
225.wav,Sad
226.wav,Angry
227.wav,Disgusted
228.wav,Angry
229.wav,Neutral
230.wav,Neutral
231.wav,Neutral
232.wav,Sad
233.wav,Disgusted
234.wav,Disgusted
235.wav,Happy
236.wav,Fearful
237.wav,Fearful
238.wav,Neutral
239.wav,Sad
240.wav,Neutral
241.wav,Fearful
242.wav,Angry
243.wav,Happy
244.wav,Disgusted
245.wav,Fearful
246.wav,Happy
247.wav,Disgusted
248.wav,Neutral
249.wav,Neutral
250.wav,Angry
251.wav,Angry
252.wav,Happy
253.wav,Disgusted
254.wav,Sad
255.wav,Happy
256.wav,Neutral
257.wav,Happy
258.wav,Angry
259.wav,Angry
260.wav,Sad
261.wav,Neutral
262.wav,Fearful
263.wav,Disgusted
264.wav,Angry
265.wav,Neutral
266.wav,Happy
267.wav,Fearful
268.wav,Neutral
269.wav,Fearful
270.wav,Happy
271.wav,Disgusted
272.wav,Disgusted
273.wav,Happy
274.wav,Sad
275.wav,Angry
276.wav,Sad
277.wav,Angry
278.wav,Angry
279.wav,Sad
280.wav,Sad
281.wav,Sad
282.wav,Disgusted
283.wav,Neutral
284.wav,Happy
285.wav,Angry
286.wav,Neutral
287.wav,Neutral
288.wav,Sad
289.wav,Suprised
290.wav,Disgusted
291.wav,Sad
292.wav,Neutral
293.wav,Angry
294.wav,Sad
295.wav,Happy
296.wav,Neutral
297.wav,Angry
298.wav,Happy
299.wav,Happy
300.wav,Angry
301.wav,Happy
302.wav,Fearful
303.wav,Angry
304.wav,Sad
305.wav,Sad
306.wav,Sad
307.wav,Fearful
308.wav,Sad
309.wav,Neutral
310.wav,Sad
311.wav,Sad
312.wav,Sad
313.wav,Angry
314.wav,Fearful
315.wav,Sad
316.wav,Neutral
317.wav,Angry
318.wav,Fearful
319.wav,Suprised
320.wav,Fearful
321.wav,Happy
322.wav,Disgusted
323.wav,Angry
324.wav,Sad
325.wav,Angry
326.wav,Happy
327.wav,Angry
328.wav,Happy
329.wav,Angry
330.wav,Disgusted
331.wav,Sad
332.wav,Angry
333.wav,Happy
334.wav,Fearful
335.wav,Neutral
336.wav,Happy
337.wav,Happy
338.wav,Sad
339.wav,Sad
340.wav,Sad
341.wav,Neutral
342.wav,Happy
343.wav,Happy
344.wav,Sad
345.wav,Disgusted
346.wav,Disgusted
347.wav,Sad
348.wav,Neutral
349.wav,Sad
350.wav,Sad
351.wav,Angry
352.wav,Neutral
353.wav,Sad
354.wav,Neutral
355.wav,Happy
356.wav,Angry
357.wav,Sad
358.wav,Neutral
359.wav,Fearful
360.wav,Angry
361.wav,Sad
362.wav,Neutral
363.wav,Happy
364.wav,Suprised
365.wav,Neutral
366.wav,Happy
367.wav,Sad
368.wav,Neutral
369.wav,Angry
370.wav,Disgusted
371.wav,Disgusted
372.wav,Sad
373.wav,Happy
374.wav,Happy
375.wav,Happy
376.wav,Disgusted
377.wav,Fearful
378.wav,Fearful
379.wav,Happy
380.wav,Angry
381.wav,Fearful
382.wav,Fearful
383.wav,Suprised
384.wav,Angry
385.wav,Sad
386.wav,Happy
387.wav,Angry
388.wav,Sad
389.wav,Sad
390.wav,Angry
391.wav,Angry
392.wav,Sad
393.wav,Neutral
394.wav,Sad
395.wav,Angry
396.wav,Suprised
397.wav,Sad
398.wav,Disgusted
399.wav,Sad
400.wav,Happy
401.wav,Happy
402.wav,Sad
403.wav,Angry
404.wav,Disgusted
405.wav,Neutral
406.wav,Angry
407.wav,Disgusted
408.wav,Happy
409.wav,Neutral
410.wav,Sad
411.wav,Neutral
412.wav,Happy
413.wav,Sad
414.wav,Angry
415.wav,Happy
416.wav,Neutral
417.wav,Fearful
418.wav,Sad
419.wav,Disgusted
420.wav,Angry
421.wav,Happy
422.wav,Sad
423.wav,Angry
424.wav,Sad
425.wav,Sad
426.wav,Happy
427.wav,Neutral
428.wav,Angry
429.wav,Sad
430.wav,Disgusted
431.wav,Neutral
432.wav,Suprised
433.wav,Happy
434.wav,Disgusted
435.wav,Sad
436.wav,Happy
437.wav,Sad
438.wav,Fearful
439.wav,Neutral
440.wav,Happy
441.wav,Disgusted
442.wav,Sad
443.wav,Suprised
444.wav,Fearful
445.wav,Fearful
446.wav,Neutral
447.wav,Sad
448.wav,Happy
449.wav,Sad
450.wav,Happy
451.wav,Neutral
452.wav,Happy
453.wav,Neutral
454.wav,Fearful
455.wav,Sad
456.wav,Suprised
457.wav,Disgusted
458.wav,Sad
459.wav,Sad
460.wav,Neutral
461.wav,Fearful
462.wav,Neutral
463.wav,Suprised
464.wav,Disgusted
465.wav,Sad
466.wav,Sad
467.wav,Sad
468.wav,Sad
469.wav,Disgusted
470.wav,Sad
471.wav,Sad
472.wav,Happy
473.wav,Happy
474.wav,Sad
475.wav,Sad
476.wav,Neutral
477.wav,Neutral
478.wav,Fearful
479.wav,Fearful
480.wav,Angry
481.wav,Disgusted
482.wav,Neutral
483.wav,Happy
484.wav,Fearful
485.wav,Disgusted
486.wav,Neutral
487.wav,Happy
488.wav,Happy
489.wav,Angry
490.wav,Neutral
491.wav,Neutral
492.wav,Sad
493.wav,Happy
494.wav,Happy
495.wav,Neutral
496.wav,Neutral
497.wav,Happy
498.wav,Sad
499.wav,Angry
500.wav,Disgusted
501.wav,Sad
502.wav,Sad
503.wav,Angry
504.wav,Neutral
505.wav,Angry
506.wav,Sad
507.wav,Disgusted
508.wav,Disgusted
509.wav,Disgusted
510.wav,Happy
511.wav,Fearful
512.wav,Disgusted
513.wav,Sad
514.wav,Disgusted
515.wav,Neutral
516.wav,Sad
517.wav,Disgusted
518.wav,Angry
519.wav,Sad
520.wav,Happy
521.wav,Sad
522.wav,Disgusted
523.wav,Neutral
524.wav,Fearful
525.wav,Neutral
526.wav,Disgusted
527.wav,Fearful
528.wav,Angry
529.wav,Neutral
530.wav,Neutral
531.wav,Fearful
532.wav,Disgusted
533.wav,Neutral
534.wav,Suprised
535.wav,Fearful
536.wav,Angry
537.wav,Disgusted
538.wav,Angry
539.wav,Sad
540.wav,Disgusted
541.wav,Neutral
542.wav,Sad
543.wav,Neutral
544.wav,Angry
545.wav,Happy
546.wav,Neutral
547.wav,Neutral
548.wav,Neutral
549.wav,Disgusted
550.wav,Sad
551.wav,Neutral
552.wav,Happy
553.wav,Fearful
554.wav,Fearful
555.wav,Angry
556.wav,Happy
557.wav,Angry
558.wav,Sad
559.wav,Angry
560.wav,Sad
561.wav,Fearful
562.wav,Angry
563.wav,Angry
564.wav,Angry
565.wav,Fearful
566.wav,Neutral
567.wav,Angry
568.wav,Happy
569.wav,Sad
570.wav,Happy
571.wav,Sad
572.wav,Angry
573.wav,Happy
574.wav,Sad
575.wav,Angry
576.wav,Suprised
577.wav,Disgusted
578.wav,Fearful
579.wav,Disgusted
580.wav,Disgusted
581.wav,Neutral
582.wav,Happy
583.wav,Angry
584.wav,Sad
585.wav,Sad
586.wav,Angry
587.wav,Disgusted
588.wav,Sad
589.wav,Fearful
590.wav,Neutral
591.wav,Angry
592.wav,Disgusted
593.wav,Neutral
594.wav,Sad
595.wav,Neutral
596.wav,Sad
597.wav,Happy
598.wav,Neutral
599.wav,Angry
600.wav,Neutral
601.wav,Suprised
602.wav,Happy
603.wav,Neutral
604.wav,Angry
605.wav,Sad
606.wav,Sad
607.wav,Sad
608.wav,Sad
609.wav,Suprised
610.wav,Angry
611.wav,Sad
612.wav,Neutral
613.wav,Disgusted
614.wav,Fearful
615.wav,Sad
616.wav,Neutral
617.wav,Fearful
618.wav,Angry
619.wav,Happy
620.wav,Happy
621.wav,Disgusted
622.wav,Disgusted
623.wav,Happy
624.wav,Angry
625.wav,Happy
626.wav,Neutral
627.wav,Angry
628.wav,Angry
629.wav,Sad
630.wav,Happy
631.wav,Happy
632.wav,Neutral
633.wav,Disgusted
634.wav,Sad
635.wav,Happy
636.wav,Happy
637.wav,Angry
638.wav,Disgusted
639.wav,Disgusted
640.wav,Suprised
641.wav,Sad
642.wav,Neutral
643.wav,Sad
644.wav,Disgusted
645.wav,Neutral
646.wav,Fearful
647.wav,Angry
648.wav,Sad
649.wav,Suprised
650.wav,Disgusted
651.wav,Happy
652.wav,Disgusted
653.wav,Sad
654.wav,Angry
655.wav,Neutral
656.wav,Sad
657.wav,Angry
658.wav,Sad
659.wav,Happy
660.wav,Neutral
661.wav,Sad
662.wav,Angry
663.wav,Disgusted
664.wav,Fearful
665.wav,Sad
666.wav,Fearful
667.wav,Happy
668.wav,Suprised
669.wav,Sad
670.wav,Neutral
671.wav,Disgusted
672.wav,Fearful
673.wav,Neutral
674.wav,Happy
675.wav,Happy
676.wav,Happy
677.wav,Happy
678.wav,Sad
679.wav,Neutral
680.wav,Neutral
681.wav,Happy
682.wav,Happy
683.wav,Sad
684.wav,Happy
685.wav,Happy
686.wav,Sad
687.wav,Fearful
688.wav,Sad
689.wav,Neutral
690.wav,Angry
691.wav,Happy
692.wav,Angry
693.wav,Suprised
694.wav,Fearful
695.wav,Suprised
696.wav,Happy
697.wav,Sad
698.wav,Neutral
699.wav,Disgusted
700.wav,Neutral
701.wav,Fearful
702.wav,Happy
703.wav,Sad
704.wav,Happy
705.wav,Sad
706.wav,Neutral
707.wav,Angry
708.wav,Disgusted
709.wav,Disgusted
710.wav,Happy
711.wav,Neutral
712.wav,Neutral
713.wav,Happy
714.wav,Fearful
715.wav,Neutral
716.wav,Neutral
717.wav,Angry
718.wav,Angry
719.wav,Happy
720.wav,Sad
721.wav,Angry
722.wav,Happy
723.wav,Sad
724.wav,Disgusted
725.wav,Neutral
726.wav,Sad
727.wav,Disgusted
728.wav,Disgusted
729.wav,Happy
730.wav,Sad
731.wav,Happy
732.wav,Happy
733.wav,Sad
734.wav,Sad
735.wav,Neutral
736.wav,Disgusted
737.wav,Happy
738.wav,Sad
739.wav,Fearful
740.wav,Neutral
741.wav,Neutral
742.wav,Happy
743.wav,Fearful
744.wav,Fearful
745.wav,Happy
746.wav,Angry
747.wav,Disgusted
748.wav,Neutral
749.wav,Angry
750.wav,Angry
751.wav,Disgusted
752.wav,Neutral
753.wav,Happy
754.wav,Happy
755.wav,Neutral
756.wav,Happy
757.wav,Happy
758.wav,Disgusted
759.wav,Sad
760.wav,Sad
761.wav,Happy
762.wav,Neutral
763.wav,Sad
764.wav,Sad
765.wav,Angry
766.wav,Happy
767.wav,Sad
768.wav,Sad
769.wav,Neutral
770.wav,Angry
771.wav,Neutral
772.wav,Sad
773.wav,Happy
774.wav,Sad
775.wav,Sad
776.wav,Sad
777.wav,Disgusted
778.wav,Sad
779.wav,Angry
780.wav,Angry
781.wav,Neutral
782.wav,Suprised
783.wav,Sad
784.wav,Happy
785.wav,Angry
786.wav,Neutral
787.wav,Angry
788.wav,Neutral
789.wav,Suprised
790.wav,Happy
791.wav,Fearful
792.wav,Sad
793.wav,Sad
794.wav,Happy
795.wav,Fearful
796.wav,Happy
797.wav,Angry
798.wav,Happy
799.wav,Disgusted
800.wav,Disgusted
801.wav,Disgusted
802.wav,Happy
803.wav,Happy
804.wav,Disgusted
805.wav,Angry
806.wav,Happy
807.wav,Suprised
808.wav,Disgusted
809.wav,Happy
810.wav,Suprised
811.wav,Sad
812.wav,Neutral
813.wav,Happy
814.wav,Happy
815.wav,Happy
816.wav,Angry
817.wav,Happy
818.wav,Disgusted
819.wav,Neutral
820.wav,Happy
821.wav,Happy
822.wav,Disgusted
823.wav,Happy
824.wav,Happy
825.wav,Happy
826.wav,Fearful
827.wav,Neutral
828.wav,Happy
829.wav,Neutral
830.wav,Suprised
831.wav,Happy
832.wav,Happy
833.wav,Fearful
834.wav,Happy
835.wav,Angry
836.wav,Neutral
837.wav,Disgusted
838.wav,Neutral
839.wav,Neutral
840.wav,Sad
841.wav,Neutral
842.wav,Fearful
843.wav,Angry
844.wav,Disgusted
845.wav,Sad
846.wav,Sad
847.wav,Disgusted
848.wav,Happy
849.wav,Happy
850.wav,Sad
851.wav,Sad
852.wav,Happy
853.wav,Happy
854.wav,Happy
855.wav,Neutral
856.wav,Disgusted
857.wav,Happy
858.wav,Suprised
859.wav,Sad
860.wav,Fearful
861.wav,Happy
862.wav,Sad
863.wav,Sad
864.wav,Sad
865.wav,Disgusted
866.wav,Sad
867.wav,Happy
868.wav,Disgusted
869.wav,Sad
870.wav,Disgusted
871.wav,Sad
872.wav,Happy
873.wav,Sad
874.wav,Sad
875.wav,Happy
876.wav,Angry
877.wav,Happy
878.wav,Happy
879.wav,Neutral
880.wav,Angry
881.wav,Neutral
882.wav,Happy
883.wav,Happy
884.wav,Happy
885.wav,Angry
886.wav,Disgusted
887.wav,Suprised
888.wav,Neutral
889.wav,Happy
890.wav,Disgusted
891.wav,Angry
892.wav,Sad
893.wav,Happy
894.wav,Disgusted
895.wav,Sad
896.wav,Happy
897.wav,Disgusted
898.wav,Disgusted
899.wav,Suprised
900.wav,Happy
901.wav,Fearful
902.wav,Happy
903.wav,Sad
904.wav,Sad
905.wav,Fearful
906.wav,Sad
907.wav,Sad
908.wav,Happy
909.wav,Sad
910.wav,Disgusted
911.wav,Neutral
912.wav,Happy
913.wav,Sad
914.wav,Neutral
915.wav,Happy
916.wav,Sad
917.wav,Disgusted
918.wav,Sad
919.wav,Angry
920.wav,Sad
921.wav,Fearful
922.wav,Sad
923.wav,Angry
924.wav,Suprised
925.wav,Sad
926.wav,Happy
927.wav,Sad
928.wav,Happy
929.wav,Sad
930.wav,Angry
931.wav,Suprised
932.wav,Disgusted
933.wav,Disgusted
934.wav,Neutral
935.wav,Angry
936.wav,Disgusted
937.wav,Angry
938.wav,Neutral
939.wav,Sad
940.wav,Happy
941.wav,Fearful
942.wav,Neutral
943.wav,Happy
944.wav,Sad
945.wav,Angry
946.wav,Neutral
947.wav,Sad
948.wav,Happy
949.wav,Disgusted
950.wav,Happy
951.wav,Fearful
952.wav,Neutral
953.wav,Sad
954.wav,Angry
955.wav,Fearful
956.wav,Disgusted
957.wav,Fearful
958.wav,Happy
959.wav,Fearful
960.wav,Disgusted
961.wav,Angry
962.wav,Angry
963.wav,Angry
964.wav,Angry
965.wav,Happy
966.wav,Neutral
967.wav,Disgusted
968.wav,Sad
969.wav,Happy
970.wav,Fearful
971.wav,Happy
972.wav,Disgusted
973.wav,Fearful
974.wav,Happy
975.wav,Disgusted
976.wav,Happy
977.wav,Neutral
978.wav,Neutral
979.wav,Happy
980.wav,Neutral
981.wav,Happy
982.wav,Neutral
983.wav,Suprised
984.wav,Sad
985.wav,Happy
986.wav,Neutral
987.wav,Disgusted
988.wav,Happy
989.wav,Happy
990.wav,Happy
991.wav,Happy
992.wav,Happy
993.wav,Sad
994.wav,Sad
995.wav,Angry
996.wav,Neutral
997.wav,Sad
998.wav,Sad
999.wav,Fearful
1000.wav,Fearful
1001.wav,Neutral
1002.wav,Happy
1003.wav,Angry
1004.wav,Sad
1005.wav,Sad
1006.wav,Disgusted
1007.wav,Fearful
1008.wav,Happy
1009.wav,Happy
1010.wav,Fearful
1011.wav,Fearful
1012.wav,Disgusted
1013.wav,Fearful
1014.wav,Sad
1015.wav,Fearful
1016.wav,Disgusted
1017.wav,Fearful
1018.wav,Sad
1019.wav,Angry
1020.wav,Disgusted
1021.wav,Sad
1022.wav,Fearful
1023.wav,Sad
1024.wav,Suprised
1025.wav,Angry
1026.wav,Sad
1027.wav,Fearful
1028.wav,Happy
1029.wav,Sad
1030.wav,Neutral
1031.wav,Suprised
1032.wav,Sad
1033.wav,Disgusted
1034.wav,Sad
1035.wav,Sad
1036.wav,Angry
1037.wav,Disgusted
1038.wav,Disgusted
1039.wav,Disgusted
1040.wav,Happy
1041.wav,Sad
1042.wav,Angry
1043.wav,Suprised
1044.wav,Fearful
1045.wav,Angry
1046.wav,Angry
1047.wav,Neutral
1048.wav,Neutral
1049.wav,Disgusted
1050.wav,Sad
1051.wav,Disgusted
1052.wav,Neutral
1053.wav,Sad
1054.wav,Neutral
1055.wav,Sad
1056.wav,Happy
1057.wav,Happy
1058.wav,Suprised
1059.wav,Suprised
1060.wav,Sad
1061.wav,Neutral
1062.wav,Suprised
1063.wav,Happy
1064.wav,Sad
1065.wav,Disgusted
1066.wav,Angry
1067.wav,Neutral
1068.wav,Happy
1069.wav,Disgusted
1070.wav,Disgusted
1071.wav,Suprised
1072.wav,Sad
1073.wav,Sad
1074.wav,Neutral
1075.wav,Neutral
1076.wav,Sad
1077.wav,Happy
1078.wav,Disgusted
1079.wav,Happy
1080.wav,Angry
1081.wav,Happy
1082.wav,Angry
1083.wav,Fearful
1084.wav,Neutral
1085.wav,Happy
1086.wav,Happy
1087.wav,Sad
1088.wav,Neutral
1089.wav,Sad
1090.wav,Neutral
1091.wav,Happy
1092.wav,Neutral
1093.wav,Fearful
1094.wav,Happy
1095.wav,Sad
1096.wav,Neutral
1097.wav,Sad
1098.wav,Fearful
1099.wav,Neutral
1100.wav,Disgusted
1101.wav,Neutral
1102.wav,Happy
1103.wav,Angry
1104.wav,Sad
1105.wav,Sad
1106.wav,Neutral
1107.wav,Neutral
1108.wav,Neutral
1109.wav,Happy
1110.wav,Suprised
1111.wav,Neutral
1112.wav,Neutral
1113.wav,Angry
1114.wav,Sad
1115.wav,Angry
1116.wav,Angry
1117.wav,Neutral
1118.wav,Fearful
1119.wav,Sad
1120.wav,Fearful
1121.wav,Happy
1122.wav,Fearful
1123.wav,Suprised
1124.wav,Sad
1125.wav,Sad
1126.wav,Neutral
1127.wav,Sad
1128.wav,Disgusted
1129.wav,Angry
1130.wav,Neutral
1131.wav,Angry
1132.wav,Happy
1133.wav,Sad
1134.wav,Neutral
1135.wav,Sad
1136.wav,Neutral
1137.wav,Fearful
1138.wav,Angry
1139.wav,Happy
1140.wav,Happy
1141.wav,Sad
1142.wav,Sad
1143.wav,Happy
1144.wav,Neutral
1145.wav,Neutral
1146.wav,Angry
1147.wav,Neutral
1148.wav,Disgusted
1149.wav,Neutral
1150.wav,Neutral
1151.wav,Happy
1152.wav,Happy
1153.wav,Angry
1154.wav,Angry
1155.wav,Happy
1156.wav,Neutral
1157.wav,Happy
1158.wav,Disgusted
1159.wav,Happy
1160.wav,Sad
1161.wav,Disgusted
1162.wav,Happy
1163.wav,Suprised
1164.wav,Angry
1165.wav,Neutral
1166.wav,Neutral
1167.wav,Angry
1168.wav,Happy
1169.wav,Neutral
1170.wav,Neutral
1171.wav,Angry
1172.wav,Fearful
1173.wav,Sad
1174.wav,Sad
1175.wav,Fearful
1176.wav,Sad
1177.wav,Sad
1178.wav,Neutral
1179.wav,Angry
1180.wav,Happy
1181.wav,Fearful
1182.wav,Suprised
1183.wav,Sad
1184.wav,Sad
1185.wav,Happy
1186.wav,Sad
1187.wav,Angry
1188.wav,Happy
1189.wav,Sad
1190.wav,Neutral
1191.wav,Angry
1192.wav,Happy
1193.wav,Happy
1194.wav,Sad
1195.wav,Angry
1196.wav,Angry
1197.wav,Angry
1198.wav,Neutral
1199.wav,Sad
1200.wav,Disgusted
1201.wav,Sad
1202.wav,Neutral
1203.wav,Angry
1204.wav,Neutral
1205.wav,Angry
1206.wav,Neutral
1207.wav,Neutral
1208.wav,Happy
1209.wav,Neutral
1210.wav,Suprised
1211.wav,Neutral
1212.wav,Disgusted
1213.wav,Suprised
1214.wav,Neutral
1215.wav,Fearful
1216.wav,Happy
1217.wav,Angry
1218.wav,Fearful
1219.wav,Disgusted
1220.wav,Neutral
1221.wav,Neutral
1222.wav,Angry
1223.wav,Neutral
1224.wav,Angry
1225.wav,Happy
1226.wav,Neutral
1227.wav,Angry
1228.wav,Sad
1229.wav,Suprised
1230.wav,Neutral
1231.wav,Sad
1232.wav,Angry
1233.wav,Disgusted
1234.wav,Sad
1235.wav,Angry
1236.wav,Disgusted
1237.wav,Happy
1238.wav,Sad
1239.wav,Neutral
1240.wav,Angry
1241.wav,Sad
1242.wav,Neutral
1243.wav,Disgusted
1244.wav,Disgusted
1245.wav,Disgusted
1246.wav,Sad
1247.wav,Neutral
1248.wav,Sad
1249.wav,Neutral
1250.wav,Angry
1251.wav,Disgusted
1252.wav,Disgusted
1253.wav,Neutral
1254.wav,Happy
1255.wav,Neutral
1256.wav,Sad
1257.wav,Angry
1258.wav,Neutral
1259.wav,Angry
1260.wav,Disgusted
1261.wav,Disgusted
1262.wav,Sad
1263.wav,Sad
1264.wav,Sad
1265.wav,Neutral
1266.wav,Angry
1267.wav,Neutral
1268.wav,Fearful
1269.wav,Sad
1270.wav,Angry
1271.wav,Sad
1272.wav,Disgusted
1273.wav,Neutral
1274.wav,Sad
1275.wav,Fearful
1276.wav,Disgusted
1277.wav,Disgusted
1278.wav,Disgusted
1279.wav,Angry
1280.wav,Angry
1281.wav,Happy
1282.wav,Angry
1283.wav,Angry
1284.wav,Suprised
1285.wav,Neutral
1286.wav,Sad
1287.wav,Fearful
1288.wav,Happy
1289.wav,Sad
1290.wav,Disgusted
1291.wav,Neutral
1292.wav,Sad
1293.wav,Angry
1294.wav,Angry
1295.wav,Neutral
1296.wav,Sad
1297.wav,Sad
1298.wav,Angry
1299.wav,Fearful
1300.wav,Happy
1301.wav,Sad
1302.wav,Angry
1303.wav,Angry
1304.wav,Happy
1305.wav,Sad
1306.wav,Fearful
1307.wav,Disgusted
1308.wav,Sad
1309.wav,Neutral
1310.wav,Angry
1311.wav,Fearful
1312.wav,Disgusted
1313.wav,Fearful
1314.wav,Fearful
1315.wav,Neutral
1316.wav,Neutral
1317.wav,Disgusted
1318.wav,Neutral
1319.wav,Happy
1320.wav,Angry
1321.wav,Happy
1322.wav,Disgusted
1323.wav,Sad
1324.wav,Sad
1325.wav,Angry
1326.wav,Angry
1327.wav,Happy
1328.wav,Fearful
1329.wav,Disgusted
1330.wav,Neutral
1331.wav,Sad
1332.wav,Disgusted
1333.wav,Angry
1334.wav,Happy
1335.wav,Disgusted
1336.wav,Happy
1337.wav,Happy
1338.wav,Happy
1339.wav,Angry
1340.wav,Neutral
1341.wav,Fearful
1342.wav,Sad
1343.wav,Suprised
1344.wav,Happy
1345.wav,Sad
1346.wav,Sad
1347.wav,Neutral
1348.wav,Sad
1349.wav,Neutral
1350.wav,Angry
1351.wav,Angry
1352.wav,Disgusted
1353.wav,Neutral
1354.wav,Angry
1355.wav,Happy
1356.wav,Neutral
1357.wav,Disgusted
1358.wav,Angry
1359.wav,Angry
1360.wav,Angry
1361.wav,Sad
1362.wav,Sad
1363.wav,Neutral
1364.wav,Neutral
1365.wav,Sad
1366.wav,Angry
1367.wav,Happy
1368.wav,Neutral
1369.wav,Happy
1370.wav,Disgusted
1371.wav,Sad
1372.wav,Neutral
1373.wav,Suprised
1374.wav,Happy
1375.wav,Sad
1376.wav,Angry
1377.wav,Disgusted
1378.wav,Fearful
1379.wav,Happy
1380.wav,Disgusted
1381.wav,Angry
1382.wav,Neutral
1383.wav,Happy
1384.wav,Fearful
1385.wav,Fearful
1386.wav,Sad
1387.wav,Sad
1388.wav,Happy
1389.wav,Fearful
1390.wav,Suprised
1391.wav,Happy
1392.wav,Happy
1393.wav,Angry
1394.wav,Sad
1395.wav,Neutral
1396.wav,Happy
1397.wav,Sad
1398.wav,Sad
1399.wav,Fearful
1400.wav,Angry
1401.wav,Happy
1402.wav,Angry
1403.wav,Fearful
1404.wav,Happy
1405.wav,Neutral
1406.wav,Neutral
1407.wav,Fearful
1408.wav,Angry
1409.wav,Happy
1410.wav,Happy
1411.wav,Happy
1412.wav,Sad
1413.wav,Angry
1414.wav,Sad
1415.wav,Happy
1416.wav,Fearful
1417.wav,Happy
1418.wav,Angry
1419.wav,Disgusted
1420.wav,Happy
1421.wav,Happy
1422.wav,Suprised
1423.wav,Angry
1424.wav,Disgusted
1425.wav,Disgusted
1426.wav,Sad
1427.wav,Fearful
1428.wav,Angry
1429.wav,Neutral
1430.wav,Neutral
1431.wav,Happy
1432.wav,Happy
1433.wav,Disgusted
1434.wav,Disgusted
1435.wav,Angry
1436.wav,Neutral
1437.wav,Happy
1438.wav,Disgusted
1439.wav,Happy
1440.wav,Happy
1441.wav,Angry
1442.wav,Disgusted
1443.wav,Happy
1444.wav,Neutral
1445.wav,Happy
1446.wav,Angry
1447.wav,Happy
1448.wav,Neutral
1449.wav,Neutral
1450.wav,Neutral
1451.wav,Sad
1452.wav,Sad
1453.wav,Disgusted
1454.wav,Disgusted
1455.wav,Sad
1456.wav,Disgusted
1457.wav,Sad
1458.wav,Fearful
1459.wav,Angry
1460.wav,Sad
1461.wav,Happy
1462.wav,Angry
1463.wav,Sad
1464.wav,Neutral
1465.wav,Sad
1466.wav,Happy
1467.wav,Sad
1468.wav,Fearful
1469.wav,Angry
1470.wav,Neutral
1471.wav,Neutral
1472.wav,Disgusted
1473.wav,Fearful
1474.wav,Angry
1475.wav,Fearful
1476.wav,Sad
1477.wav,Suprised
1478.wav,Happy
1479.wav,Happy
1480.wav,Happy
1481.wav,Sad
1482.wav,Neutral
1483.wav,Sad
1484.wav,Neutral
1485.wav,Fearful
1486.wav,Disgusted
1487.wav,Suprised
1488.wav,Sad
1489.wav,Fearful
1490.wav,Suprised
1491.wav,Angry
1492.wav,Disgusted
1493.wav,Disgusted
1494.wav,Neutral
1495.wav,Happy
1496.wav,Sad
1497.wav,Happy
1498.wav,Suprised
1499.wav,Sad
1500.wav,Happy
1501.wav,Happy
1502.wav,Suprised
1503.wav,Sad
1504.wav,Sad
1505.wav,Neutral
1506.wav,Disgusted
1507.wav,Sad
1508.wav,Happy
1509.wav,Happy
1510.wav,Happy
1511.wav,Sad
1512.wav,Happy
1513.wav,Angry
1514.wav,Sad
1515.wav,Neutral
1516.wav,Happy
1517.wav,Happy
1518.wav,Happy
1519.wav,Happy
1520.wav,Angry
1521.wav,Angry
1522.wav,Happy
1523.wav,Sad
1524.wav,Neutral
1525.wav,Sad
1526.wav,Sad
1527.wav,Sad
1528.wav,Happy
1529.wav,Neutral
1530.wav,Happy
1531.wav,Neutral
1532.wav,Neutral
1533.wav,Angry
1534.wav,Disgusted
1535.wav,Happy
1536.wav,Neutral
1537.wav,Sad
1538.wav,Happy
1539.wav,Happy
1540.wav,Disgusted
1541.wav,Angry
1542.wav,Sad
1543.wav,Suprised
1544.wav,Angry
1545.wav,Sad
1546.wav,Neutral
1547.wav,Sad
1548.wav,Fearful
1549.wav,Happy
1550.wav,Sad
1551.wav,Disgusted
1552.wav,Angry
1553.wav,Neutral
1554.wav,Sad
1555.wav,Disgusted
1556.wav,Sad
1557.wav,Fearful
1558.wav,Angry
1559.wav,Sad
1560.wav,Fearful
1561.wav,Angry
1562.wav,Disgusted
1563.wav,Sad
1564.wav,Angry
1565.wav,Fearful
1566.wav,Sad
1567.wav,Happy
1568.wav,Neutral
1569.wav,Sad
1570.wav,Happy
1571.wav,Happy
1572.wav,Suprised
1573.wav,Disgusted
1574.wav,Angry
1575.wav,Angry
1576.wav,Disgusted
1577.wav,Angry
1578.wav,Happy
1579.wav,Disgusted
1580.wav,Disgusted
1581.wav,Neutral
1582.wav,Sad
1583.wav,Neutral
1584.wav,Neutral
1585.wav,Happy
1586.wav,Disgusted
1587.wav,Suprised
1588.wav,Neutral
1589.wav,Disgusted
1590.wav,Happy
1591.wav,Neutral
1592.wav,Disgusted
1593.wav,Happy
1594.wav,Neutral
1595.wav,Angry
1596.wav,Disgusted
1597.wav,Happy
1598.wav,Happy
1599.wav,Angry
1600.wav,Suprised
1601.wav,Sad
1602.wav,Neutral
1603.wav,Disgusted
1604.wav,Happy
1605.wav,Neutral
1606.wav,Angry
1607.wav,Neutral
1608.wav,Neutral
1609.wav,Neutral
1610.wav,Suprised
1611.wav,Happy
1612.wav,Sad
1613.wav,Happy
1614.wav,Happy
1615.wav,Happy
1616.wav,Happy
1617.wav,Fearful
1618.wav,Happy
1619.wav,Sad
1620.wav,Disgusted
1621.wav,Happy
1622.wav,Neutral
1623.wav,Happy
1624.wav,Sad
1625.wav,Happy
1626.wav,Happy
1627.wav,Fearful
1628.wav,Happy
1629.wav,Neutral
1630.wav,Sad
1631.wav,Happy
1632.wav,Sad
1633.wav,Sad
1634.wav,Sad
1635.wav,Neutral
1636.wav,Disgusted
1637.wav,Sad
1638.wav,Disgusted
1639.wav,Neutral
1640.wav,Disgusted
1641.wav,Disgusted
1642.wav,Sad
1643.wav,Sad
1644.wav,Happy
1645.wav,Angry
1646.wav,Sad
1647.wav,Fearful
1648.wav,Sad
1649.wav,Neutral
1650.wav,Disgusted
1651.wav,Angry
1652.wav,Disgusted
1653.wav,Happy
1654.wav,Neutral
1655.wav,Sad
1656.wav,Neutral
1657.wav,Happy
1658.wav,Fearful
1659.wav,Disgusted
1660.wav,Neutral
1661.wav,Happy
1662.wav,Fearful
1663.wav,Sad
1664.wav,Happy
1665.wav,Fearful
1666.wav,Angry
1667.wav,Disgusted
1668.wav,Angry
1669.wav,Suprised
1670.wav,Angry
1671.wav,Suprised
1672.wav,Sad
1673.wav,Neutral
1674.wav,Suprised
1675.wav,Disgusted
1676.wav,Neutral
1677.wav,Sad
1678.wav,Happy
1679.wav,Sad
1680.wav,Angry
1681.wav,Suprised
1682.wav,Sad
1683.wav,Neutral
1684.wav,Fearful
1685.wav,Neutral
1686.wav,Neutral
1687.wav,Suprised
1688.wav,Disgusted
1689.wav,Happy
1690.wav,Sad
1691.wav,Disgusted
1692.wav,Neutral
1693.wav,Sad
1694.wav,Neutral
1695.wav,Angry
1696.wav,Neutral
1697.wav,Neutral
1698.wav,Neutral
1699.wav,Angry
1700.wav,Happy
1701.wav,Angry
1702.wav,Happy
1703.wav,Happy
1704.wav,Angry
1705.wav,Happy
1706.wav,Neutral
1707.wav,Disgusted
1708.wav,Happy
1709.wav,Happy
1710.wav,Suprised
1711.wav,Neutral
1712.wav,Sad
1713.wav,Happy
1714.wav,Angry
1715.wav,Neutral
1716.wav,Suprised
1717.wav,Happy
1718.wav,Disgusted
1719.wav,Suprised
1720.wav,Angry
1721.wav,Disgusted
1722.wav,Neutral
1723.wav,Angry
1724.wav,Disgusted
1725.wav,Disgusted
1726.wav,Sad
1727.wav,Happy
1728.wav,Neutral
1729.wav,Disgusted
1730.wav,Angry
1731.wav,Happy
1732.wav,Sad
1733.wav,Disgusted
1734.wav,Angry
1735.wav,Angry
1736.wav,Fearful
1737.wav,Disgusted
1738.wav,Neutral
1739.wav,Suprised
1740.wav,Happy
1741.wav,Fearful
1742.wav,Happy
1743.wav,Disgusted
1744.wav,Fearful
1745.wav,Disgusted
1746.wav,Happy
1747.wav,Sad
1748.wav,Sad
1749.wav,Sad
1750.wav,Happy
1751.wav,Sad
1752.wav,Angry
1753.wav,Sad
1754.wav,Disgusted
1755.wav,Angry
1756.wav,Sad
1757.wav,Sad
1758.wav,Sad
1759.wav,Sad
1760.wav,Disgusted
1761.wav,Happy
1762.wav,Sad
1763.wav,Happy
1764.wav,Neutral
1765.wav,Neutral
1766.wav,Happy
1767.wav,Happy
1768.wav,Happy
1769.wav,Happy
1770.wav,Fearful
1771.wav,Angry
1772.wav,Angry
1773.wav,Sad
1774.wav,Fearful
1775.wav,Angry
1776.wav,Sad
1777.wav,Angry
1778.wav,Disgusted
1779.wav,Happy
1780.wav,Sad
1781.wav,Happy
1782.wav,Sad
1783.wav,Happy
1784.wav,Disgusted
1785.wav,Neutral
1786.wav,Sad
1787.wav,Disgusted
1788.wav,Sad
1789.wav,Happy
1790.wav,Happy
1791.wav,Sad
1792.wav,Fearful
1793.wav,Suprised
1794.wav,Sad
1795.wav,Angry
1796.wav,Happy
1797.wav,Fearful
1798.wav,Angry
1799.wav,Neutral
1800.wav,Sad
1801.wav,Angry
1802.wav,Angry
1803.wav,Happy
1804.wav,Angry
1805.wav,Sad
1806.wav,Neutral
1807.wav,Angry
1808.wav,Sad
1809.wav,Angry
1810.wav,Angry
1811.wav,Sad
1812.wav,Happy
1813.wav,Angry
1814.wav,Happy
1815.wav,Angry
1816.wav,Happy
1817.wav,Happy
1818.wav,Sad
1819.wav,Happy
1820.wav,Angry
1821.wav,Disgusted
1822.wav,Happy
1823.wav,Angry
1824.wav,Happy
1825.wav,Disgusted
1826.wav,Angry
1827.wav,Happy
1828.wav,Happy
1829.wav,Happy
1830.wav,Happy
1831.wav,Sad
1832.wav,Angry
1833.wav,Happy
1834.wav,Neutral
1835.wav,Sad
1836.wav,Sad
1837.wav,Sad
1838.wav,Neutral
1839.wav,Angry
1840.wav,Fearful
1841.wav,Disgusted
1842.wav,Happy
1843.wav,Happy
1844.wav,Neutral
1845.wav,Sad
1846.wav,Angry
1847.wav,Neutral
1848.wav,Angry
1849.wav,Disgusted
1850.wav,Happy
1851.wav,Angry
1852.wav,Sad
1853.wav,Sad
1854.wav,Angry
1855.wav,Happy
1856.wav,Suprised
1857.wav,Disgusted
1858.wav,Sad
1859.wav,Neutral
1860.wav,Disgusted
1861.wav,Angry
1862.wav,Angry
1863.wav,Angry
1864.wav,Fearful
1865.wav,Neutral
1866.wav,Disgusted
1867.wav,Neutral
1868.wav,Disgusted
1869.wav,Sad
1870.wav,Disgusted
1871.wav,Suprised
1872.wav,Sad
1873.wav,Happy
1874.wav,Happy
1875.wav,Disgusted
1876.wav,Angry
1877.wav,Neutral
1878.wav,Happy
1879.wav,Happy
1880.wav,Sad
1881.wav,Disgusted
1882.wav,Neutral
1883.wav,Suprised
1884.wav,Sad
1885.wav,Disgusted
1886.wav,Happy
1887.wav,Disgusted
1888.wav,Angry
1889.wav,Disgusted
1890.wav,Disgusted
1891.wav,Neutral
1892.wav,Neutral
1893.wav,Neutral
1894.wav,Happy
1895.wav,Sad
1896.wav,Angry
1897.wav,Disgusted
1898.wav,Happy
1899.wav,Sad
1900.wav,Sad
1901.wav,Happy
1902.wav,Disgusted
1903.wav,Fearful
1904.wav,Neutral
1905.wav,Disgusted
1906.wav,Sad
1907.wav,Neutral
1908.wav,Suprised
1909.wav,Fearful
1910.wav,Neutral
1911.wav,Sad
1912.wav,Angry
1913.wav,Angry
1914.wav,Angry
1915.wav,Angry
1916.wav,Sad
1917.wav,Neutral
1918.wav,Neutral
1919.wav,Fearful
1920.wav,Happy
1921.wav,Suprised
1922.wav,Disgusted
1923.wav,Happy
1924.wav,Neutral
1925.wav,Angry
1926.wav,Happy
1927.wav,Sad
1928.wav,Sad
1929.wav,Angry
1930.wav,Fearful
1931.wav,Happy
1932.wav,Neutral
1933.wav,Happy
1934.wav,Happy
1935.wav,Happy
1936.wav,Sad
1937.wav,Happy
1938.wav,Happy
1939.wav,Sad
1940.wav,Happy
1941.wav,Angry
1942.wav,Suprised
1943.wav,Fearful
1944.wav,Disgusted
1945.wav,Disgusted
1946.wav,Angry
1947.wav,Disgusted
1948.wav,Disgusted
1949.wav,Disgusted
1950.wav,Happy
1951.wav,Angry
1952.wav,Angry
1953.wav,Angry
1954.wav,Sad
1955.wav,Neutral
1956.wav,Happy
1957.wav,Neutral
1958.wav,Happy
1959.wav,Disgusted
1960.wav,Neutral
1961.wav,Neutral
1962.wav,Fearful
1963.wav,Fearful
1964.wav,Sad
1965.wav,Angry
1966.wav,Sad
1967.wav,Angry
1968.wav,Angry
1969.wav,Sad
1970.wav,Happy
1971.wav,Suprised
1972.wav,Sad
1973.wav,Happy
1974.wav,Angry
1975.wav,Sad
1976.wav,Disgusted
1977.wav,Fearful
1978.wav,Neutral
1979.wav,Sad
1980.wav,Neutral
1981.wav,Neutral
1982.wav,Sad
1983.wav,Angry
1984.wav,Suprised
1985.wav,Suprised
1986.wav,Neutral
1987.wav,Fearful
1988.wav,Happy
1989.wav,Happy
1990.wav,Sad
1991.wav,Neutral
1992.wav,Disgusted
1993.wav,Happy
1994.wav,Happy
1995.wav,Sad
1996.wav,Neutral
1997.wav,Neutral
1998.wav,Fearful
1999.wav,Fearful
2000.wav,Angry
2001.wav,Sad
2002.wav,Sad
2003.wav,Neutral
2004.wav,Happy
2005.wav,Fearful
2006.wav,Neutral
2007.wav,Neutral
2008.wav,Neutral
2009.wav,Disgusted
2010.wav,Neutral
2011.wav,Neutral
2012.wav,Fearful
2013.wav,Disgusted
2014.wav,Neutral
2015.wav,Happy
2016.wav,Happy
2017.wav,Disgusted
2018.wav,Fearful
2019.wav,Angry
2020.wav,Happy
2021.wav,Disgusted
2022.wav,Disgusted
2023.wav,Fearful
2024.wav,Fearful
2025.wav,Happy
2026.wav,Fearful
2027.wav,Sad
2028.wav,Neutral
2029.wav,Neutral
2030.wav,Neutral
2031.wav,Disgusted
2032.wav,Disgusted
2033.wav,Happy
2034.wav,Happy
2035.wav,Fearful
2036.wav,Sad
2037.wav,Fearful
2038.wav,Neutral
2039.wav,Neutral
2040.wav,Neutral
2041.wav,Neutral
2042.wav,Fearful
2043.wav,Neutral
2044.wav,Disgusted
2045.wav,Happy
2046.wav,Angry
2047.wav,Happy
2048.wav,Fearful
2049.wav,Angry
2050.wav,Neutral
2051.wav,Fearful
2052.wav,Sad
2053.wav,Disgusted
2054.wav,Angry
2055.wav,Disgusted
2056.wav,Suprised
2057.wav,Disgusted
2058.wav,Sad
2059.wav,Happy
2060.wav,Fearful
2061.wav,Sad
2062.wav,Sad
2063.wav,Happy
2064.wav,Fearful
2065.wav,Disgusted
2066.wav,Angry
2067.wav,Fearful
2068.wav,Neutral
2069.wav,Neutral
2070.wav,Sad
2071.wav,Happy
2072.wav,Sad
2073.wav,Suprised
2074.wav,Angry
2075.wav,Neutral
2076.wav,Neutral
2077.wav,Neutral
2078.wav,Suprised
2079.wav,Neutral
2080.wav,Sad
2081.wav,Neutral
2082.wav,Disgusted
2083.wav,Angry
2084.wav,Happy
2085.wav,Neutral
2086.wav,Sad
2087.wav,Happy
2088.wav,Happy
2089.wav,Sad
2090.wav,Disgusted
2091.wav,Fearful
2092.wav,Disgusted
2093.wav,Fearful
2094.wav,Disgusted
2095.wav,Happy
2096.wav,Neutral
2097.wav,Neutral
2098.wav,Suprised
2099.wav,Sad
2100.wav,Sad
2101.wav,Disgusted
2102.wav,Neutral
2103.wav,Sad
2104.wav,Happy
2105.wav,Happy
2106.wav,Happy
2107.wav,Happy
2108.wav,Suprised
2109.wav,Disgusted
2110.wav,Happy
2111.wav,Happy
2112.wav,Suprised
2113.wav,Angry
2114.wav,Neutral
2115.wav,Suprised
2116.wav,Sad
2117.wav,Angry
2118.wav,Sad
2119.wav,Neutral
2120.wav,Happy
2121.wav,Suprised
2122.wav,Suprised
2123.wav,Fearful
2124.wav,Neutral
2125.wav,Fearful
2126.wav,Angry
2127.wav,Sad
2128.wav,Sad
2129.wav,Disgusted
2130.wav,Neutral
2131.wav,Angry
2132.wav,Happy
2133.wav,Sad
2134.wav,Happy
2135.wav,Happy
2136.wav,Sad
2137.wav,Sad
2138.wav,Happy
2139.wav,Suprised
2140.wav,Sad
2141.wav,Neutral
2142.wav,Sad
2143.wav,Happy
2144.wav,Sad
2145.wav,Fearful
2146.wav,Neutral
2147.wav,Disgusted
2148.wav,Disgusted
2149.wav,Neutral
2150.wav,Neutral
2151.wav,Disgusted
2152.wav,Happy
2153.wav,Neutral
2154.wav,Happy
2155.wav,Disgusted
2156.wav,Angry
2157.wav,Happy
2158.wav,Sad
2159.wav,Disgusted
2160.wav,Neutral
2161.wav,Disgusted
2162.wav,Angry
2163.wav,Angry
2164.wav,Suprised
2165.wav,Sad
2166.wav,Disgusted
2167.wav,Fearful
2168.wav,Angry
2169.wav,Sad
2170.wav,Fearful
2171.wav,Disgusted
2172.wav,Fearful
2173.wav,Angry
2174.wav,Suprised
2175.wav,Fearful
2176.wav,Happy
2177.wav,Disgusted
2178.wav,Fearful
2179.wav,Angry
2180.wav,Happy
2181.wav,Sad
2182.wav,Neutral
2183.wav,Neutral
2184.wav,Fearful
2185.wav,Sad
2186.wav,Sad
2187.wav,Sad
2188.wav,Angry
2189.wav,Sad
2190.wav,Sad
2191.wav,Sad
2192.wav,Disgusted
2193.wav,Angry
2194.wav,Fearful
2195.wav,Angry
2196.wav,Fearful
2197.wav,Disgusted
2198.wav,Sad
2199.wav,Sad
2200.wav,Neutral
2201.wav,Angry
2202.wav,Neutral
2203.wav,Angry
2204.wav,Sad
2205.wav,Happy
2206.wav,Sad
2207.wav,Neutral
2208.wav,Happy
2209.wav,Sad
2210.wav,Neutral
2211.wav,Happy
2212.wav,Fearful
2213.wav,Happy
2214.wav,Disgusted
2215.wav,Disgusted
2216.wav,Sad
2217.wav,Fearful
2218.wav,Sad
2219.wav,Happy
2220.wav,Neutral
2221.wav,Angry
2222.wav,Sad
2223.wav,Sad
2224.wav,Happy
2225.wav,Disgusted
2226.wav,Fearful
2227.wav,Sad
2228.wav,Happy
2229.wav,Neutral
2230.wav,Angry
2231.wav,Sad
2232.wav,Happy
2233.wav,Fearful
2234.wav,Sad
2235.wav,Angry
2236.wav,Fearful
2237.wav,Happy
2238.wav,Happy
2239.wav,Sad
2240.wav,Happy
2241.wav,Disgusted
2242.wav,Sad
2243.wav,Fearful
2244.wav,Angry
2245.wav,Neutral
2246.wav,Happy
2247.wav,Angry
2248.wav,Disgusted
2249.wav,Angry
2250.wav,Sad
2251.wav,Neutral
2252.wav,Disgusted
2253.wav,Angry
2254.wav,Sad
2255.wav,Disgusted
2256.wav,Disgusted
2257.wav,Sad
2258.wav,Angry
2259.wav,Neutral
2260.wav,Angry
2261.wav,Happy
2262.wav,Disgusted
2263.wav,Happy
2264.wav,Sad
2265.wav,Happy
2266.wav,Happy
2267.wav,Disgusted
2268.wav,Sad
2269.wav,Sad
2270.wav,Happy
2271.wav,Fearful
2272.wav,Disgusted
2273.wav,Disgusted
2274.wav,Sad
2275.wav,Disgusted
2276.wav,Disgusted
2277.wav,Neutral
2278.wav,Happy
2279.wav,Disgusted
2280.wav,Happy
2281.wav,Sad
2282.wav,Disgusted
2283.wav,Disgusted
2284.wav,Neutral
2285.wav,Neutral
2286.wav,Disgusted
2287.wav,Happy
2288.wav,Suprised
2289.wav,Angry
2290.wav,Happy
2291.wav,Disgusted
2292.wav,Suprised
2293.wav,Angry
2294.wav,Sad
2295.wav,Sad
2296.wav,Happy
2297.wav,Neutral
2298.wav,Sad
2299.wav,Disgusted
2300.wav,Disgusted
2301.wav,Sad
2302.wav,Neutral
2303.wav,Disgusted
2304.wav,Neutral
2305.wav,Disgusted
2306.wav,Neutral
2307.wav,Disgusted
2308.wav,Sad
2309.wav,Happy
2310.wav,Angry
2311.wav,Sad
2312.wav,Disgusted
2313.wav,Fearful
2314.wav,Angry
2315.wav,Angry
2316.wav,Angry
2317.wav,Disgusted
2318.wav,Disgusted
2319.wav,Happy
2320.wav,Happy
2321.wav,Neutral
2322.wav,Happy
2323.wav,Angry
2324.wav,Sad
2325.wav,Sad
2326.wav,Angry
2327.wav,Suprised
2328.wav,Happy
2329.wav,Happy
2330.wav,Fearful
2331.wav,Disgusted
2332.wav,Disgusted
2333.wav,Angry
2334.wav,Neutral
2335.wav,Sad
2336.wav,Sad
2337.wav,Sad
2338.wav,Disgusted
2339.wav,Happy
2340.wav,Disgusted
2341.wav,Sad
2342.wav,Disgusted
2343.wav,Angry
2344.wav,Happy
2345.wav,Angry
2346.wav,Neutral
2347.wav,Disgusted
2348.wav,Disgusted
2349.wav,Happy
2350.wav,Disgusted
2351.wav,Neutral
2352.wav,Angry
2353.wav,Disgusted
2354.wav,Angry
2355.wav,Angry
2356.wav,Angry
2357.wav,Neutral
2358.wav,Angry
2359.wav,Neutral
2360.wav,Fearful
2361.wav,Sad
2362.wav,Angry
2363.wav,Happy
2364.wav,Sad
2365.wav,Sad
2366.wav,Disgusted
2367.wav,Angry
2368.wav,Happy
2369.wav,Disgusted
2370.wav,Disgusted
2371.wav,Sad
2372.wav,Neutral
2373.wav,Happy
2374.wav,Happy
2375.wav,Sad
2376.wav,Sad
2377.wav,Neutral
2378.wav,Angry
2379.wav,Angry
2380.wav,Happy
2381.wav,Disgusted
2382.wav,Happy
2383.wav,Happy
2384.wav,Disgusted
2385.wav,Sad
2386.wav,Neutral
2387.wav,Disgusted
2388.wav,Sad
2389.wav,Happy
2390.wav,Suprised
2391.wav,Fearful
2392.wav,Neutral
2393.wav,Neutral
2394.wav,Disgusted
2395.wav,Neutral
2396.wav,Angry
2397.wav,Fearful
2398.wav,Disgusted
2399.wav,Neutral
2400.wav,Angry
2401.wav,Sad
2402.wav,Sad
2403.wav,Fearful
2404.wav,Angry
2405.wav,Happy
2406.wav,Neutral
2407.wav,Neutral
2408.wav,Sad
2409.wav,Sad
2410.wav,Angry
2411.wav,Fearful
2412.wav,Sad
2413.wav,Neutral
2414.wav,Neutral
2415.wav,Fearful
2416.wav,Neutral
2417.wav,Angry
2418.wav,Neutral
2419.wav,Happy
2420.wav,Neutral
2421.wav,Disgusted
2422.wav,Fearful
2423.wav,Disgusted
2424.wav,Fearful
2425.wav,Sad
2426.wav,Neutral
2427.wav,Angry
2428.wav,Angry
2429.wav,Sad
2430.wav,Neutral
2431.wav,Sad
2432.wav,Angry
2433.wav,Sad
2434.wav,Angry
2435.wav,Angry
2436.wav,Happy
2437.wav,Fearful
2438.wav,Sad
2439.wav,Happy
2440.wav,Sad
2441.wav,Angry
2442.wav,Fearful
2443.wav,Happy
2444.wav,Happy
2445.wav,Happy
2446.wav,Happy
2447.wav,Neutral
2448.wav,Fearful
2449.wav,Neutral
2450.wav,Sad
2451.wav,Neutral
2452.wav,Angry
2453.wav,Suprised
2454.wav,Sad
2455.wav,Happy
2456.wav,Disgusted
2457.wav,Disgusted
2458.wav,Sad
2459.wav,Angry
2460.wav,Happy
2461.wav,Suprised
2462.wav,Suprised
2463.wav,Disgusted
2464.wav,Angry
2465.wav,Happy
2466.wav,Disgusted
2467.wav,Sad
2468.wav,Angry
2469.wav,Neutral
2470.wav,Neutral
2471.wav,Neutral
2472.wav,Neutral
2473.wav,Angry
2474.wav,Fearful
2475.wav,Neutral
2476.wav,Angry
2477.wav,Happy
2478.wav,Happy
2479.wav,Sad
2480.wav,Happy
2481.wav,Neutral
2482.wav,Sad
2483.wav,Sad
2484.wav,Sad
2485.wav,Sad
2486.wav,Disgusted
2487.wav,Neutral
2488.wav,Disgusted
2489.wav,Neutral
2490.wav,Sad
2491.wav,Neutral
2492.wav,Sad
2493.wav,Angry
2494.wav,Sad
2495.wav,Angry
2496.wav,Happy
2497.wav,Happy
2498.wav,Neutral
2499.wav,Happy
2500.wav,Neutral
2501.wav,Neutral
2502.wav,Fearful
2503.wav,Fearful
2504.wav,Neutral
2505.wav,Angry
2506.wav,Happy
2507.wav,Happy
2508.wav,Happy
2509.wav,Happy
2510.wav,Neutral
2511.wav,Suprised
2512.wav,Happy
2513.wav,Angry
2514.wav,Angry
2515.wav,Happy
2516.wav,Happy
2517.wav,Neutral
2518.wav,Disgusted
2519.wav,Disgusted
2520.wav,Happy
2521.wav,Suprised
2522.wav,Sad
2523.wav,Neutral
2524.wav,Fearful
2525.wav,Sad
2526.wav,Sad
2527.wav,Happy
2528.wav,Angry
2529.wav,Disgusted
2530.wav,Angry
2531.wav,Sad
2532.wav,Sad
2533.wav,Sad
2534.wav,Disgusted
2535.wav,Happy
2536.wav,Disgusted
2537.wav,Happy
2538.wav,Neutral
2539.wav,Fearful
2540.wav,Fearful
2541.wav,Disgusted
2542.wav,Neutral
2543.wav,Disgusted
2544.wav,Sad
2545.wav,Neutral
2546.wav,Sad
2547.wav,Suprised
2548.wav,Neutral
2549.wav,Sad
2550.wav,Disgusted
2551.wav,Sad
2552.wav,Suprised
2553.wav,Angry
2554.wav,Fearful
2555.wav,Sad
2556.wav,Neutral
2557.wav,Sad
