name,emotion
1.wav,Disgusted
2.wav,Angry
3.wav,Angry
4.wav,Happy
5.wav,Neutral
6.wav,Sad
7.wav,Neutral
8.wav,Happy
9.wav,Happy
10.wav,Fearful
11.wav,Angry
12.wav,Sad
13.wav,Neutral
14.wav,Disgusted
15.wav,Angry
16.wav,Angry
17.wav,Disgusted
18.wav,Fearful
19.wav,Suprised
20.wav,Angry
21.wav,Happy
22.wav,Happy
23.wav,Disgusted
24.wav,Fearful
25.wav,Angry
26.wav,Disgusted
27.wav,Angry
28.wav,Fearful
29.wav,Suprised
30.wav,Happy
31.wav,Disgusted
32.wav,Suprised
33.wav,Happy
34.wav,Angry
35.wav,Neutral
36.wav,Neutral
37.wav,Sad
38.wav,Sad
39.wav,Fearful
40.wav,Happy
41.wav,Sad
42.wav,Fearful
43.wav,Neutral
44.wav,Fearful
45.wav,Angry
46.wav,Suprised
47.wav,Angry
48.wav,Suprised
49.wav,Fearful
50.wav,Disgusted
51.wav,Disgusted
52.wav,Angry
53.wav,Fearful
54.wav,Happy
55.wav,Neutral
56.wav,Angry
57.wav,Sad
58.wav,Disgusted
59.wav,Happy
60.wav,Happy
61.wav,Angry
62.wav,Sad
63.wav,Neutral
64.wav,Fearful
65.wav,Angry
66.wav,Suprised
67.wav,Sad
68.wav,Fearful
69.wav,Happy
70.wav,Angry
71.wav,Neutral
72.wav,Fearful
73.wav,Happy
74.wav,Disgusted
75.wav,Fearful
76.wav,Sad
77.wav,Neutral
78.wav,Disgusted
79.wav,Sad
80.wav,Angry
81.wav,Neutral
82.wav,Suprised
83.wav,Disgusted
84.wav,Angry
85.wav,Suprised
86.wav,Angry
87.wav,Happy
88.wav,Fearful
89.wav,Sad
90.wav,Neutral
91.wav,Angry
92.wav,Disgusted
93.wav,Sad
94.wav,Angry
95.wav,Angry
96.wav,Neutral
97.wav,Fearful
98.wav,Disgusted
99.wav,Neutral
100.wav,Angry
101.wav,Suprised
102.wav,Suprised
103.wav,Sad
104.wav,Happy
105.wav,Neutral
106.wav,Fearful
107.wav,Angry
108.wav,Disgusted
109.wav,Neutral
110.wav,Sad
111.wav,Happy
112.wav,Sad
113.wav,Fearful
114.wav,Disgusted
115.wav,Neutral
116.wav,Happy
117.wav,Angry
118.wav,Happy
119.wav,Angry
120.wav,Sad
121.wav,Sad
122.wav,Angry
123.wav,Angry
124.wav,Disgusted
125.wav,Sad
126.wav,Happy
127.wav,Sad
128.wav,Fearful
129.wav,Suprised
130.wav,Disgusted
131.wav,Suprised
132.wav,Happy
133.wav,Happy
134.wav,Disgusted
135.wav,Neutral
136.wav,Happy
137.wav,Suprised
138.wav,Happy
139.wav,Happy
140.wav,Fearful
141.wav,Fearful
142.wav,Angry
143.wav,Angry
144.wav,Happy
145.wav,Disgusted
146.wav,Happy
147.wav,Sad
148.wav,Angry
149.wav,Disgusted
150.wav,Angry
151.wav,Angry
152.wav,Happy
153.wav,Sad
154.wav,Sad
155.wav,Fearful
156.wav,Happy
157.wav,Angry
158.wav,Disgusted
159.wav,Happy
160.wav,Happy
161.wav,Suprised
162.wav,Disgusted
163.wav,Fearful
164.wav,Sad
165.wav,Neutral
166.wav,Sad
167.wav,Disgusted
168.wav,Disgusted
169.wav,Angry
170.wav,Disgusted
171.wav,Fearful
172.wav,Disgusted
173.wav,Sad
174.wav,Fearful
175.wav,Suprised
176.wav,Happy
177.wav,Angry
178.wav,Fearful
179.wav,Neutral
180.wav,Angry
181.wav,Disgusted
182.wav,Sad
183.wav,Angry
184.wav,Angry
185.wav,Angry
186.wav,Disgusted
187.wav,Suprised
188.wav,Happy
189.wav,Sad
190.wav,Fearful
191.wav,Angry
192.wav,Fearful
193.wav,Disgusted
194.wav,Angry
195.wav,Angry
196.wav,Sad
197.wav,Angry
198.wav,Happy
199.wav,Sad
200.wav,Happy
201.wav,Neutral
202.wav,Fearful
203.wav,Suprised
204.wav,Fearful
205.wav,Neutral
206.wav,Angry
207.wav,Angry
208.wav,Neutral
209.wav,Disgusted
210.wav,Happy
211.wav,Angry
212.wav,Disgusted
213.wav,Neutral
214.wav,Suprised
215.wav,Sad
216.wav,Happy
217.wav,Sad
218.wav,Disgusted
219.wav,Sad
220.wav,Fearful
221.wav,Suprised
222.wav,Fearful
223.wav,Disgusted
224.wav,Fearful
225.wav,Sad
226.wav,Angry
227.wav,Disgusted
228.wav,Angry
229.wav,Happy
230.wav,Neutral
231.wav,Sad
232.wav,Fearful
233.wav,Disgusted
234.wav,Disgusted
235.wav,Disgusted
236.wav,Fearful
237.wav,Fearful
238.wav,Neutral
239.wav,Fearful
240.wav,Neutral
241.wav,Fearful
242.wav,Angry
243.wav,Happy
244.wav,Disgusted
245.wav,Fearful
246.wav,Happy
247.wav,Disgusted
248.wav,Happy
249.wav,Sad
250.wav,Angry
251.wav,Angry
252.wav,Neutral
253.wav,Disgusted
254.wav,Sad
255.wav,Fearful
256.wav,Neutral
257.wav,Happy
258.wav,Angry
259.wav,Angry
260.wav,Sad
261.wav,Neutral
262.wav,Fearful
263.wav,Fearful
264.wav,Angry
265.wav,Angry
266.wav,Happy
267.wav,Fearful
268.wav,Sad
269.wav,Fearful
270.wav,Happy
271.wav,Disgusted
272.wav,Disgusted
273.wav,Disgusted
274.wav,Sad
275.wav,Angry
276.wav,Sad
277.wav,Angry
278.wav,Angry
279.wav,Sad
280.wav,Angry
281.wav,Sad
282.wav,Disgusted
283.wav,Neutral
284.wav,Disgusted
285.wav,Angry
286.wav,Neutral
287.wav,Fearful
288.wav,Sad
289.wav,Suprised
290.wav,Disgusted
291.wav,Disgusted
292.wav,Disgusted
293.wav,Angry
294.wav,Happy
295.wav,Happy
296.wav,Happy
297.wav,Happy
298.wav,Angry
299.wav,Fearful
300.wav,Disgusted
301.wav,Happy
302.wav,Fearful
303.wav,Angry
304.wav,Sad
305.wav,Sad
306.wav,Fearful
307.wav,Fearful
308.wav,Sad
309.wav,Neutral
310.wav,Sad
311.wav,Sad
312.wav,Disgusted
313.wav,Angry
314.wav,Fearful
315.wav,Sad
316.wav,Neutral
317.wav,Angry
318.wav,Fearful
319.wav,Suprised
320.wav,Fearful
321.wav,Happy
322.wav,Angry
323.wav,Angry
324.wav,Happy
325.wav,Disgusted
326.wav,Happy
327.wav,Angry
328.wav,Happy
329.wav,Angry
330.wav,Disgusted
331.wav,Fearful
332.wav,Angry
333.wav,Happy
334.wav,Fearful
335.wav,Neutral
336.wav,Happy
337.wav,Happy
338.wav,Sad
339.wav,Sad
340.wav,Sad
341.wav,Disgusted
342.wav,Happy
343.wav,Happy
344.wav,Sad
345.wav,Angry
346.wav,Disgusted
347.wav,Disgusted
348.wav,Neutral
349.wav,Sad
350.wav,Fearful
351.wav,Angry
352.wav,Neutral
353.wav,Sad
354.wav,Neutral
355.wav,Fearful
356.wav,Angry
357.wav,Sad
358.wav,Disgusted
359.wav,Fearful
360.wav,Angry
361.wav,Sad
362.wav,Fearful
363.wav,Happy
364.wav,Suprised
365.wav,Neutral
366.wav,Happy
367.wav,Sad
368.wav,Disgusted
369.wav,Angry
370.wav,Disgusted
371.wav,Happy
372.wav,Fearful
373.wav,Happy
374.wav,Fearful
375.wav,Angry
376.wav,Disgusted
377.wav,Happy
378.wav,Fearful
379.wav,Fearful
380.wav,Angry
381.wav,Fearful
382.wav,Fearful
383.wav,Suprised
384.wav,Angry
385.wav,Disgusted
386.wav,Happy
387.wav,Angry
388.wav,Sad
389.wav,Fearful
390.wav,Angry
391.wav,Angry
392.wav,Fearful
393.wav,Fearful
394.wav,Happy
395.wav,Angry
396.wav,Suprised
397.wav,Sad
398.wav,Disgusted
399.wav,Angry
400.wav,Happy
401.wav,Happy
402.wav,Sad
403.wav,Angry
404.wav,Disgusted
405.wav,Neutral
406.wav,Angry
407.wav,Fearful
408.wav,Fearful
409.wav,Neutral
410.wav,Fearful
411.wav,Neutral
412.wav,Disgusted
413.wav,Sad
414.wav,Angry
415.wav,Happy
416.wav,Fearful
417.wav,Fearful
418.wav,Sad
419.wav,Disgusted
420.wav,Angry
421.wav,Happy
422.wav,Sad
423.wav,Angry
424.wav,Fearful
425.wav,Fearful
426.wav,Suprised
427.wav,Neutral
428.wav,Angry
429.wav,Sad
430.wav,Disgusted
431.wav,Sad
432.wav,Suprised
433.wav,Happy
434.wav,Disgusted
435.wav,Fearful
436.wav,Angry
437.wav,Happy
438.wav,Fearful
439.wav,Neutral
440.wav,Happy
441.wav,Disgusted
442.wav,Sad
443.wav,Suprised
444.wav,Fearful
445.wav,Angry
446.wav,Happy
447.wav,Sad
448.wav,Disgusted
449.wav,Sad
450.wav,Fearful
451.wav,Neutral
452.wav,Angry
453.wav,Fearful
454.wav,Fearful
455.wav,Disgusted
456.wav,Suprised
457.wav,Disgusted
458.wav,Disgusted
459.wav,Sad
460.wav,Fearful
461.wav,Fearful
462.wav,Happy
463.wav,Suprised
464.wav,Disgusted
465.wav,Sad
466.wav,Sad
467.wav,Sad
468.wav,Neutral
469.wav,Disgusted
470.wav,Sad
471.wav,Sad
472.wav,Happy
473.wav,Happy
474.wav,Fearful
475.wav,Sad
476.wav,Disgusted
477.wav,Neutral
478.wav,Fearful
479.wav,Fearful
480.wav,Angry
481.wav,Disgusted
482.wav,Happy
483.wav,Happy
484.wav,Fearful
485.wav,Neutral
486.wav,Fearful
487.wav,Fearful
488.wav,Fearful
489.wav,Suprised
490.wav,Neutral
491.wav,Fearful
492.wav,Suprised
493.wav,Happy
494.wav,Happy
495.wav,Neutral
496.wav,Fearful
497.wav,Fearful
498.wav,Sad
499.wav,Angry
500.wav,Disgusted
501.wav,Sad
502.wav,Sad
503.wav,Angry
504.wav,Angry
505.wav,Angry
506.wav,Fearful
507.wav,Disgusted
508.wav,Disgusted
509.wav,Disgusted
510.wav,Happy
511.wav,Angry
512.wav,Disgusted
513.wav,Sad
514.wav,Disgusted
515.wav,Neutral
516.wav,Fearful
517.wav,Disgusted
518.wav,Angry
519.wav,Sad
520.wav,Fearful
521.wav,Sad
522.wav,Disgusted
523.wav,Happy
524.wav,Disgusted
525.wav,Happy
526.wav,Disgusted
527.wav,Fearful
528.wav,Angry
529.wav,Disgusted
530.wav,Neutral
531.wav,Fearful
532.wav,Disgusted
533.wav,Happy
534.wav,Suprised
535.wav,Fearful
536.wav,Angry
537.wav,Disgusted
538.wav,Angry
539.wav,Fearful
540.wav,Disgusted
541.wav,Fearful
542.wav,Neutral
543.wav,Neutral
544.wav,Angry
545.wav,Angry
546.wav,Disgusted
547.wav,Sad
548.wav,Neutral
549.wav,Disgusted
550.wav,Sad
551.wav,Sad
552.wav,Suprised
553.wav,Fearful
554.wav,Suprised
555.wav,Angry
556.wav,Happy
557.wav,Angry
558.wav,Sad
559.wav,Angry
560.wav,Happy
561.wav,Fearful
562.wav,Happy
563.wav,Happy
564.wav,Angry
565.wav,Fearful
566.wav,Fearful
567.wav,Happy
568.wav,Happy
569.wav,Sad
570.wav,Happy
571.wav,Sad
572.wav,Angry
573.wav,Happy
574.wav,Sad
575.wav,Angry
576.wav,Suprised
577.wav,Disgusted
578.wav,Fearful
579.wav,Disgusted
580.wav,Disgusted
581.wav,Disgusted
582.wav,Happy
583.wav,Angry
584.wav,Fearful
585.wav,Fearful
586.wav,Angry
587.wav,Disgusted
588.wav,Suprised
589.wav,Angry
590.wav,Neutral
591.wav,Angry
592.wav,Disgusted
593.wav,Neutral
594.wav,Disgusted
595.wav,Disgusted
596.wav,Sad
597.wav,Happy
598.wav,Sad
599.wav,Happy
600.wav,Disgusted
601.wav,Suprised
602.wav,Happy
603.wav,Angry
604.wav,Angry
605.wav,Fearful
606.wav,Sad
607.wav,Sad
608.wav,Sad
609.wav,Suprised
610.wav,Angry
611.wav,Sad
612.wav,Neutral
613.wav,Disgusted
614.wav,Sad
615.wav,Fearful
616.wav,Neutral
617.wav,Fearful
618.wav,Angry
619.wav,Happy
620.wav,Angry
621.wav,Disgusted
622.wav,Disgusted
623.wav,Happy
624.wav,Angry
625.wav,Happy
626.wav,Neutral
627.wav,Angry
628.wav,Angry
629.wav,Fearful
630.wav,Happy
631.wav,Angry
632.wav,Neutral
633.wav,Disgusted
634.wav,Angry
635.wav,Happy
636.wav,Happy
637.wav,Angry
638.wav,Angry
639.wav,Disgusted
640.wav,Suprised
641.wav,Sad
642.wav,Neutral
643.wav,Fearful
644.wav,Angry
645.wav,Neutral
646.wav,Fearful
647.wav,Angry
648.wav,Sad
649.wav,Suprised
650.wav,Disgusted
651.wav,Fearful
652.wav,Disgusted
653.wav,Happy
654.wav,Angry
655.wav,Disgusted
656.wav,Fearful
657.wav,Happy
658.wav,Sad
659.wav,Happy
660.wav,Disgusted
661.wav,Fearful
662.wav,Angry
663.wav,Disgusted
664.wav,Fearful
665.wav,Sad
666.wav,Fearful
667.wav,Happy
668.wav,Disgusted
669.wav,Sad
670.wav,Sad
671.wav,Disgusted
672.wav,Fearful
673.wav,Disgusted
674.wav,Happy
675.wav,Angry
676.wav,Happy
677.wav,Happy
678.wav,Sad
679.wav,Angry
680.wav,Neutral
681.wav,Happy
682.wav,Happy
683.wav,Fearful
684.wav,Happy
685.wav,Angry
686.wav,Sad
687.wav,Fearful
688.wav,Sad
689.wav,Fearful
690.wav,Angry
691.wav,Happy
692.wav,Angry
693.wav,Suprised
694.wav,Angry
695.wav,Suprised
696.wav,Fearful
697.wav,Disgusted
698.wav,Neutral
699.wav,Disgusted
700.wav,Fearful
701.wav,Fearful
702.wav,Happy
703.wav,Neutral
704.wav,Fearful
705.wav,Sad
706.wav,Happy
707.wav,Angry
708.wav,Disgusted
709.wav,Disgusted
710.wav,Fearful
711.wav,Neutral
712.wav,Angry
713.wav,Angry
714.wav,Fearful
715.wav,Neutral
716.wav,Sad
717.wav,Angry
718.wav,Angry
719.wav,Angry
720.wav,Sad
721.wav,Angry
722.wav,Happy
723.wav,Sad
724.wav,Fearful
725.wav,Neutral
726.wav,Sad
727.wav,Disgusted
728.wav,Disgusted
729.wav,Angry
730.wav,Sad
731.wav,Fearful
732.wav,Happy
733.wav,Sad
734.wav,Sad
735.wav,Neutral
736.wav,Fearful
737.wav,Angry
738.wav,Sad
739.wav,Fearful
740.wav,Neutral
741.wav,Neutral
742.wav,Angry
743.wav,Happy
744.wav,Fearful
745.wav,Happy
746.wav,Angry
747.wav,Disgusted
748.wav,Fearful
749.wav,Angry
750.wav,Angry
751.wav,Disgusted
752.wav,Neutral
753.wav,Angry
754.wav,Angry
755.wav,Happy
756.wav,Happy
757.wav,Fearful
758.wav,Disgusted
759.wav,Neutral
760.wav,Fearful
761.wav,Disgusted
762.wav,Neutral
763.wav,Happy
764.wav,Sad
765.wav,Angry
766.wav,Angry
767.wav,Sad
768.wav,Sad
769.wav,Neutral
770.wav,Angry
771.wav,Disgusted
772.wav,Fearful
773.wav,Angry
774.wav,Sad
775.wav,Fearful
776.wav,Sad
777.wav,Disgusted
778.wav,Fearful
779.wav,Angry
780.wav,Angry
781.wav,Neutral
782.wav,Suprised
783.wav,Happy
784.wav,Fearful
785.wav,Angry
786.wav,Neutral
787.wav,Angry
788.wav,Neutral
789.wav,Suprised
790.wav,Happy
791.wav,Fearful
792.wav,Fearful
793.wav,Sad
794.wav,Happy
795.wav,Fearful
796.wav,Happy
797.wav,Angry
798.wav,Happy
799.wav,Disgusted
800.wav,Disgusted
801.wav,Disgusted
802.wav,Happy
803.wav,Happy
804.wav,Disgusted
805.wav,Angry
806.wav,Angry
807.wav,Suprised
808.wav,Disgusted
809.wav,Happy
810.wav,Suprised
811.wav,Disgusted
812.wav,Happy
813.wav,Fearful
814.wav,Happy
815.wav,Fearful
816.wav,Angry
817.wav,Happy
818.wav,Happy
819.wav,Angry
820.wav,Happy
821.wav,Happy
822.wav,Fearful
823.wav,Fearful
824.wav,Happy
825.wav,Happy
826.wav,Fearful
827.wav,Neutral
828.wav,Angry
829.wav,Neutral
830.wav,Suprised
831.wav,Happy
832.wav,Fearful
833.wav,Fearful
834.wav,Angry
835.wav,Angry
836.wav,Disgusted
837.wav,Disgusted
838.wav,Neutral
839.wav,Neutral
840.wav,Sad
841.wav,Disgusted
842.wav,Fearful
843.wav,Angry
844.wav,Disgusted
845.wav,Fearful
846.wav,Sad
847.wav,Disgusted
848.wav,Happy
849.wav,Disgusted
850.wav,Neutral
851.wav,Sad
852.wav,Happy
853.wav,Happy
854.wav,Angry
855.wav,Neutral
856.wav,Disgusted
857.wav,Neutral
858.wav,Suprised
859.wav,Sad
860.wav,Suprised
861.wav,Happy
862.wav,Sad
863.wav,Sad
864.wav,Fearful
865.wav,Disgusted
866.wav,Sad
867.wav,Angry
868.wav,Disgusted
869.wav,Angry
870.wav,Disgusted
871.wav,Sad
872.wav,Happy
873.wav,Fearful
874.wav,Angry
875.wav,Happy
876.wav,Angry
877.wav,Fearful
878.wav,Angry
879.wav,Neutral
880.wav,Angry
881.wav,Fearful
882.wav,Angry
883.wav,Happy
884.wav,Happy
885.wav,Angry
886.wav,Disgusted
887.wav,Suprised
888.wav,Fearful
889.wav,Happy
890.wav,Disgusted
891.wav,Angry
892.wav,Sad
893.wav,Happy
894.wav,Angry
895.wav,Neutral
896.wav,Happy
897.wav,Disgusted
898.wav,Fearful
899.wav,Suprised
900.wav,Angry
901.wav,Fearful
902.wav,Happy
903.wav,Sad
904.wav,Happy
905.wav,Fearful
906.wav,Sad
907.wav,Fearful
908.wav,Happy
909.wav,Sad
910.wav,Fearful
911.wav,Neutral
912.wav,Happy
913.wav,Sad
914.wav,Neutral
915.wav,Happy
916.wav,Neutral
917.wav,Disgusted
918.wav,Sad
919.wav,Happy
920.wav,Fearful
921.wav,Fearful
922.wav,Sad
923.wav,Angry
924.wav,Suprised
925.wav,Sad
926.wav,Happy
927.wav,Neutral
928.wav,Happy
929.wav,Fearful
930.wav,Angry
931.wav,Suprised
932.wav,Disgusted
933.wav,Disgusted
934.wav,Neutral
935.wav,Angry
936.wav,Disgusted
937.wav,Angry
938.wav,Neutral
939.wav,Sad
940.wav,Happy
941.wav,Fearful
942.wav,Neutral
943.wav,Neutral
944.wav,Sad
945.wav,Angry
946.wav,Neutral
947.wav,Fearful
948.wav,Disgusted
949.wav,Fearful
950.wav,Happy
951.wav,Fearful
952.wav,Neutral
953.wav,Neutral
954.wav,Angry
955.wav,Fearful
956.wav,Fearful
957.wav,Fearful
958.wav,Disgusted
959.wav,Suprised
960.wav,Disgusted
961.wav,Angry
962.wav,Angry
963.wav,Angry
964.wav,Angry
965.wav,Angry
966.wav,Fearful
967.wav,Disgusted
968.wav,Sad
969.wav,Happy
970.wav,Fearful
971.wav,Happy
972.wav,Disgusted
973.wav,Fearful
974.wav,Fearful
975.wav,Disgusted
976.wav,Fearful
977.wav,Neutral
978.wav,Neutral
979.wav,Happy
980.wav,Sad
981.wav,Happy
982.wav,Happy
983.wav,Suprised
984.wav,Fearful
985.wav,Happy
986.wav,Sad
987.wav,Disgusted
988.wav,Happy
989.wav,Happy
990.wav,Happy
991.wav,Happy
992.wav,Angry
993.wav,Sad
994.wav,Sad
995.wav,Angry
996.wav,Neutral
997.wav,Fearful
998.wav,Fearful
999.wav,Fearful
1000.wav,Angry
1001.wav,Neutral
1002.wav,Fearful
1003.wav,Angry
1004.wav,Sad
1005.wav,Sad
1006.wav,Disgusted
1007.wav,Fearful
1008.wav,Disgusted
1009.wav,Happy
1010.wav,Fearful
1011.wav,Fearful
1012.wav,Fearful
1013.wav,Fearful
1014.wav,Sad
1015.wav,Fearful
1016.wav,Disgusted
1017.wav,Fearful
1018.wav,Sad
1019.wav,Angry
1020.wav,Disgusted
1021.wav,Fearful
1022.wav,Fearful
1023.wav,Disgusted
1024.wav,Suprised
1025.wav,Angry
1026.wav,Sad
1027.wav,Fearful
1028.wav,Happy
1029.wav,Sad
1030.wav,Happy
1031.wav,Suprised
1032.wav,Fearful
1033.wav,Disgusted
1034.wav,Fearful
1035.wav,Sad
1036.wav,Angry
1037.wav,Disgusted
1038.wav,Disgusted
1039.wav,Disgusted
1040.wav,Happy
1041.wav,Sad
1042.wav,Angry
1043.wav,Suprised
1044.wav,Fearful
1045.wav,Angry
1046.wav,Angry
1047.wav,Angry
1048.wav,Neutral
1049.wav,Disgusted
1050.wav,Disgusted
1051.wav,Disgusted
1052.wav,Disgusted
1053.wav,Sad
1054.wav,Fearful
1055.wav,Fearful
1056.wav,Fearful
1057.wav,Happy
1058.wav,Suprised
1059.wav,Suprised
1060.wav,Fearful
1061.wav,Disgusted
1062.wav,Suprised
1063.wav,Happy
1064.wav,Sad
1065.wav,Angry
1066.wav,Angry
1067.wav,Angry
1068.wav,Angry
1069.wav,Disgusted
1070.wav,Disgusted
1071.wav,Suprised
1072.wav,Disgusted
1073.wav,Sad
1074.wav,Disgusted
1075.wav,Fearful
1076.wav,Fearful
1077.wav,Fearful
1078.wav,Disgusted
1079.wav,Happy
1080.wav,Angry
1081.wav,Happy
1082.wav,Angry
1083.wav,Suprised
1084.wav,Neutral
1085.wav,Happy
1086.wav,Neutral
1087.wav,Disgusted
1088.wav,Fearful
1089.wav,Happy
1090.wav,Disgusted
1091.wav,Happy
1092.wav,Neutral
1093.wav,Fearful
1094.wav,Happy
1095.wav,Sad
1096.wav,Sad
1097.wav,Disgusted
1098.wav,Fearful
1099.wav,Neutral
1100.wav,Disgusted
1101.wav,Fearful
1102.wav,Fearful
1103.wav,Angry
1104.wav,Sad
1105.wav,Sad
1106.wav,Neutral
1107.wav,Neutral
1108.wav,Neutral
1109.wav,Fearful
1110.wav,Suprised
1111.wav,Disgusted
1112.wav,Neutral
1113.wav,Angry
1114.wav,Fearful
1115.wav,Angry
1116.wav,Angry
1117.wav,Neutral
1118.wav,Fearful
1119.wav,Sad
1120.wav,Fearful
1121.wav,Suprised
1122.wav,Fearful
1123.wav,Suprised
1124.wav,Sad
1125.wav,Fearful
1126.wav,Fearful
1127.wav,Happy
1128.wav,Angry
1129.wav,Angry
1130.wav,Disgusted
1131.wav,Angry
1132.wav,Happy
1133.wav,Happy
1134.wav,Angry
1135.wav,Fearful
1136.wav,Neutral
1137.wav,Fearful
1138.wav,Angry
1139.wav,Happy
1140.wav,Happy
1141.wav,Sad
1142.wav,Disgusted
1143.wav,Happy
1144.wav,Neutral
1145.wav,Disgusted
1146.wav,Angry
1147.wav,Neutral
1148.wav,Disgusted
1149.wav,Disgusted
1150.wav,Neutral
1151.wav,Happy
1152.wav,Happy
1153.wav,Angry
1154.wav,Angry
1155.wav,Happy
1156.wav,Neutral
1157.wav,Angry
1158.wav,Disgusted
1159.wav,Happy
1160.wav,Sad
1161.wav,Disgusted
1162.wav,Happy
1163.wav,Suprised
1164.wav,Angry
1165.wav,Happy
1166.wav,Neutral
1167.wav,Angry
1168.wav,Fearful
1169.wav,Fearful
1170.wav,Fearful
1171.wav,Fearful
1172.wav,Angry
1173.wav,Sad
1174.wav,Happy
1175.wav,Fearful
1176.wav,Happy
1177.wav,Sad
1178.wav,Neutral
1179.wav,Angry
1180.wav,Angry
1181.wav,Fearful
1182.wav,Suprised
1183.wav,Sad
1184.wav,Sad
1185.wav,Happy
1186.wav,Sad
1187.wav,Angry
1188.wav,Happy
1189.wav,Fearful
1190.wav,Fearful
1191.wav,Angry
1192.wav,Happy
1193.wav,Fearful
1194.wav,Fearful
1195.wav,Angry
1196.wav,Angry
1197.wav,Angry
1198.wav,Disgusted
1199.wav,Sad
1200.wav,Disgusted
1201.wav,Sad
1202.wav,Disgusted
1203.wav,Angry
1204.wav,Disgusted
1205.wav,Angry
1206.wav,Fearful
1207.wav,Neutral
1208.wav,Happy
1209.wav,Neutral
1210.wav,Suprised
1211.wav,Angry
1212.wav,Disgusted
1213.wav,Suprised
1214.wav,Sad
1215.wav,Fearful
1216.wav,Fearful
1217.wav,Angry
1218.wav,Fearful
1219.wav,Angry
1220.wav,Happy
1221.wav,Angry
1222.wav,Angry
1223.wav,Neutral
1224.wav,Angry
1225.wav,Fearful
1226.wav,Neutral
1227.wav,Angry
1228.wav,Sad
1229.wav,Suprised
1230.wav,Neutral
1231.wav,Disgusted
1232.wav,Angry
1233.wav,Disgusted
1234.wav,Happy
1235.wav,Angry
1236.wav,Angry
1237.wav,Fearful
1238.wav,Suprised
1239.wav,Neutral
1240.wav,Happy
1241.wav,Sad
1242.wav,Sad
1243.wav,Disgusted
1244.wav,Disgusted
1245.wav,Disgusted
1246.wav,Sad
1247.wav,Sad
1248.wav,Sad
1249.wav,Neutral
1250.wav,Angry
1251.wav,Disgusted
1252.wav,Disgusted
1253.wav,Happy
1254.wav,Disgusted
1255.wav,Neutral
1256.wav,Sad
1257.wav,Angry
1258.wav,Fearful
1259.wav,Angry
1260.wav,Disgusted
1261.wav,Disgusted
1262.wav,Sad
1263.wav,Disgusted
1264.wav,Sad
1265.wav,Disgusted
1266.wav,Angry
1267.wav,Neutral
1268.wav,Fearful
1269.wav,Sad
1270.wav,Angry
1271.wav,Happy
1272.wav,Fearful
1273.wav,Neutral
1274.wav,Fearful
1275.wav,Fearful
1276.wav,Disgusted
1277.wav,Sad
1278.wav,Happy
1279.wav,Angry
1280.wav,Angry
1281.wav,Disgusted
1282.wav,Angry
1283.wav,Angry
1284.wav,Suprised
1285.wav,Neutral
1286.wav,Sad
1287.wav,Fearful
1288.wav,Happy
1289.wav,Sad
1290.wav,Disgusted
1291.wav,Disgusted
1292.wav,Sad
1293.wav,Angry
1294.wav,Angry
1295.wav,Disgusted
1296.wav,Sad
1297.wav,Sad
1298.wav,Angry
1299.wav,Fearful
1300.wav,Happy
1301.wav,Sad
1302.wav,Angry
1303.wav,Disgusted
1304.wav,Happy
1305.wav,Sad
1306.wav,Fearful
1307.wav,Angry
1308.wav,Sad
1309.wav,Disgusted
1310.wav,Angry
1311.wav,Fearful
1312.wav,Disgusted
1313.wav,Angry
1314.wav,Fearful
1315.wav,Neutral
1316.wav,Neutral
1317.wav,Disgusted
1318.wav,Neutral
1319.wav,Happy
1320.wav,Angry
1321.wav,Angry
1322.wav,Disgusted
1323.wav,Sad
1324.wav,Happy
1325.wav,Angry
1326.wav,Angry
1327.wav,Happy
1328.wav,Fearful
1329.wav,Disgusted
1330.wav,Neutral
1331.wav,Fearful
1332.wav,Disgusted
1333.wav,Angry
1334.wav,Happy
1335.wav,Disgusted
1336.wav,Angry
1337.wav,Happy
1338.wav,Happy
1339.wav,Angry
1340.wav,Neutral
1341.wav,Fearful
1342.wav,Fearful
1343.wav,Angry
1344.wav,Happy
1345.wav,Sad
1346.wav,Happy
1347.wav,Neutral
1348.wav,Fearful
1349.wav,Neutral
1350.wav,Angry
1351.wav,Happy
1352.wav,Disgusted
1353.wav,Happy
1354.wav,Angry
1355.wav,Disgusted
1356.wav,Neutral
1357.wav,Disgusted
1358.wav,Angry
1359.wav,Angry
1360.wav,Angry
1361.wav,Disgusted
1362.wav,Sad
1363.wav,Angry
1364.wav,Neutral
1365.wav,Fearful
1366.wav,Angry
1367.wav,Angry
1368.wav,Disgusted
1369.wav,Happy
1370.wav,Disgusted
1371.wav,Happy
1372.wav,Neutral
1373.wav,Suprised
1374.wav,Angry
1375.wav,Neutral
1376.wav,Angry
1377.wav,Disgusted
1378.wav,Fearful
1379.wav,Happy
1380.wav,Disgusted
1381.wav,Fearful
1382.wav,Disgusted
1383.wav,Angry
1384.wav,Fearful
1385.wav,Fearful
1386.wav,Sad
1387.wav,Fearful
1388.wav,Happy
1389.wav,Fearful
1390.wav,Suprised
1391.wav,Happy
1392.wav,Happy
1393.wav,Angry
1394.wav,Fearful
1395.wav,Sad
1396.wav,Angry
1397.wav,Neutral
1398.wav,Sad
1399.wav,Fearful
1400.wav,Angry
1401.wav,Happy
1402.wav,Angry
1403.wav,Fearful
1404.wav,Happy
1405.wav,Sad
1406.wav,Neutral
1407.wav,Fearful
1408.wav,Angry
1409.wav,Happy
1410.wav,Happy
1411.wav,Angry
1412.wav,Sad
1413.wav,Angry
1414.wav,Sad
1415.wav,Fearful
1416.wav,Fearful
1417.wav,Happy
1418.wav,Angry
1419.wav,Disgusted
1420.wav,Happy
1421.wav,Happy
1422.wav,Suprised
1423.wav,Angry
1424.wav,Disgusted
1425.wav,Angry
1426.wav,Fearful
1427.wav,Suprised
1428.wav,Angry
1429.wav,Neutral
1430.wav,Neutral
1431.wav,Angry
1432.wav,Fearful
1433.wav,Disgusted
1434.wav,Angry
1435.wav,Angry
1436.wav,Happy
1437.wav,Suprised
1438.wav,Happy
1439.wav,Disgusted
1440.wav,Happy
1441.wav,Angry
1442.wav,Angry
1443.wav,Happy
1444.wav,Sad
1445.wav,Fearful
1446.wav,Angry
1447.wav,Fearful
1448.wav,Neutral
1449.wav,Happy
1450.wav,Disgusted
1451.wav,Fearful
1452.wav,Sad
1453.wav,Fearful
1454.wav,Fearful
1455.wav,Sad
1456.wav,Disgusted
1457.wav,Sad
1458.wav,Fearful
1459.wav,Angry
1460.wav,Sad
1461.wav,Angry
1462.wav,Angry
1463.wav,Sad
1464.wav,Disgusted
1465.wav,Sad
1466.wav,Disgusted
1467.wav,Disgusted
1468.wav,Angry
1469.wav,Angry
1470.wav,Fearful
1471.wav,Neutral
1472.wav,Disgusted
1473.wav,Fearful
1474.wav,Fearful
1475.wav,Fearful
1476.wav,Fearful
1477.wav,Suprised
1478.wav,Happy
1479.wav,Fearful
1480.wav,Happy
1481.wav,Sad
1482.wav,Sad
1483.wav,Disgusted
1484.wav,Disgusted
1485.wav,Fearful
1486.wav,Disgusted
1487.wav,Suprised
1488.wav,Happy
1489.wav,Fearful
1490.wav,Suprised
1491.wav,Angry
1492.wav,Angry
1493.wav,Disgusted
1494.wav,Angry
1495.wav,Happy
1496.wav,Disgusted
1497.wav,Angry
1498.wav,Suprised
1499.wav,Fearful
1500.wav,Happy
1501.wav,Fearful
1502.wav,Suprised
1503.wav,Fearful
1504.wav,Angry
1505.wav,Sad
1506.wav,Fearful
1507.wav,Fearful
1508.wav,Disgusted
1509.wav,Angry
1510.wav,Happy
1511.wav,Disgusted
1512.wav,Happy
1513.wav,Angry
1514.wav,Fearful
1515.wav,Neutral
1516.wav,Fearful
1517.wav,Happy
1518.wav,Fearful
1519.wav,Disgusted
1520.wav,Angry
1521.wav,Angry
1522.wav,Fearful
1523.wav,Angry
1524.wav,Disgusted
1525.wav,Fearful
1526.wav,Fearful
1527.wav,Sad
1528.wav,Happy
1529.wav,Neutral
1530.wav,Happy
1531.wav,Sad
1532.wav,Disgusted
1533.wav,Angry
1534.wav,Disgusted
1535.wav,Fearful
1536.wav,Neutral
1537.wav,Sad
1538.wav,Happy
1539.wav,Angry
1540.wav,Disgusted
1541.wav,Angry
1542.wav,Sad
1543.wav,Suprised
1544.wav,Angry
1545.wav,Fearful
1546.wav,Neutral
1547.wav,Sad
1548.wav,Fearful
1549.wav,Happy
1550.wav,Fearful
1551.wav,Disgusted
1552.wav,Angry
1553.wav,Sad
1554.wav,Sad
1555.wav,Disgusted
1556.wav,Disgusted
1557.wav,Fearful
1558.wav,Angry
1559.wav,Sad
1560.wav,Angry
1561.wav,Angry
1562.wav,Disgusted
1563.wav,Fearful
1564.wav,Angry
1565.wav,Fearful
1566.wav,Disgusted
1567.wav,Fearful
1568.wav,Neutral
1569.wav,Fearful
1570.wav,Happy
1571.wav,Happy
1572.wav,Suprised
1573.wav,Sad
1574.wav,Neutral
1575.wav,Angry
1576.wav,Disgusted
1577.wav,Angry
1578.wav,Happy
1579.wav,Disgusted
1580.wav,Disgusted
1581.wav,Neutral
1582.wav,Happy
1583.wav,Neutral
1584.wav,Angry
1585.wav,Happy
1586.wav,Angry
1587.wav,Suprised
1588.wav,Disgusted
1589.wav,Disgusted
1590.wav,Disgusted
1591.wav,Neutral
1592.wav,Disgusted
1593.wav,Happy
1594.wav,Happy
1595.wav,Angry
1596.wav,Disgusted
1597.wav,Happy
1598.wav,Fearful
1599.wav,Angry
1600.wav,Suprised
1601.wav,Suprised
1602.wav,Neutral
1603.wav,Disgusted
1604.wav,Fearful
1605.wav,Fearful
1606.wav,Angry
1607.wav,Happy
1608.wav,Neutral
1609.wav,Disgusted
1610.wav,Suprised
1611.wav,Angry
1612.wav,Sad
1613.wav,Happy
1614.wav,Happy
1615.wav,Happy
1616.wav,Angry
1617.wav,Fearful
1618.wav,Happy
1619.wav,Fearful
1620.wav,Disgusted
1621.wav,Happy
1622.wav,Happy
1623.wav,Happy
1624.wav,Fearful
1625.wav,Happy
1626.wav,Angry
1627.wav,Fearful
1628.wav,Happy
1629.wav,Happy
1630.wav,Fearful
1631.wav,Fearful
1632.wav,Happy
1633.wav,Fearful
1634.wav,Sad
1635.wav,Neutral
1636.wav,Disgusted
1637.wav,Sad
1638.wav,Disgusted
1639.wav,Fearful
1640.wav,Disgusted
1641.wav,Disgusted
1642.wav,Sad
1643.wav,Sad
1644.wav,Angry
1645.wav,Angry
1646.wav,Sad
1647.wav,Fearful
1648.wav,Sad
1649.wav,Neutral
1650.wav,Disgusted
1651.wav,Angry
1652.wav,Disgusted
1653.wav,Happy
1654.wav,Angry
1655.wav,Fearful
1656.wav,Happy
1657.wav,Happy
1658.wav,Fearful
1659.wav,Fearful
1660.wav,Neutral
1661.wav,Happy
1662.wav,Fearful
1663.wav,Fearful
1664.wav,Happy
1665.wav,Fearful
1666.wav,Angry
1667.wav,Disgusted
1668.wav,Angry
1669.wav,Suprised
1670.wav,Angry
1671.wav,Suprised
1672.wav,Sad
1673.wav,Neutral
1674.wav,Suprised
1675.wav,Angry
1676.wav,Neutral
1677.wav,Sad
1678.wav,Happy
1679.wav,Sad
1680.wav,Angry
1681.wav,Suprised
1682.wav,Fearful
1683.wav,Angry
1684.wav,Fearful
1685.wav,Neutral
1686.wav,Neutral
1687.wav,Suprised
1688.wav,Disgusted
1689.wav,Sad
1690.wav,Sad
1691.wav,Disgusted
1692.wav,Neutral
1693.wav,Neutral
1694.wav,Neutral
1695.wav,Angry
1696.wav,Fearful
1697.wav,Happy
1698.wav,Neutral
1699.wav,Angry
1700.wav,Happy
1701.wav,Angry
1702.wav,Fearful
1703.wav,Happy
1704.wav,Angry
1705.wav,Angry
1706.wav,Neutral
1707.wav,Disgusted
1708.wav,Happy
1709.wav,Angry
1710.wav,Suprised
1711.wav,Sad
1712.wav,Sad
1713.wav,Happy
1714.wav,Happy
1715.wav,Sad
1716.wav,Suprised
1717.wav,Angry
1718.wav,Disgusted
1719.wav,Suprised
1720.wav,Angry
1721.wav,Disgusted
1722.wav,Sad
1723.wav,Angry
1724.wav,Disgusted
1725.wav,Disgusted
1726.wav,Sad
1727.wav,Happy
1728.wav,Disgusted
1729.wav,Disgusted
1730.wav,Angry
1731.wav,Happy
1732.wav,Sad
1733.wav,Disgusted
1734.wav,Angry
1735.wav,Angry
1736.wav,Fearful
1737.wav,Disgusted
1738.wav,Neutral
1739.wav,Suprised
1740.wav,Angry
1741.wav,Fearful
1742.wav,Angry
1743.wav,Disgusted
1744.wav,Disgusted
1745.wav,Disgusted
1746.wav,Happy
1747.wav,Sad
1748.wav,Sad
1749.wav,Sad
1750.wav,Fearful
1751.wav,Sad
1752.wav,Angry
1753.wav,Happy
1754.wav,Disgusted
1755.wav,Angry
1756.wav,Happy
1757.wav,Happy
1758.wav,Neutral
1759.wav,Happy
1760.wav,Fearful
1761.wav,Happy
1762.wav,Sad
1763.wav,Fearful
1764.wav,Neutral
1765.wav,Disgusted
1766.wav,Happy
1767.wav,Fearful
1768.wav,Happy
1769.wav,Happy
1770.wav,Fearful
1771.wav,Angry
1772.wav,Angry
1773.wav,Fearful
1774.wav,Fearful
1775.wav,Angry
1776.wav,Fearful
1777.wav,Angry
1778.wav,Disgusted
1779.wav,Happy
1780.wav,Happy
1781.wav,Happy
1782.wav,Sad
1783.wav,Disgusted
1784.wav,Disgusted
1785.wav,Sad
1786.wav,Sad
1787.wav,Angry
1788.wav,Fearful
1789.wav,Happy
1790.wav,Angry
1791.wav,Fearful
1792.wav,Fearful
1793.wav,Suprised
1794.wav,Disgusted
1795.wav,Angry
1796.wav,Happy
1797.wav,Fearful
1798.wav,Angry
1799.wav,Sad
1800.wav,Disgusted
1801.wav,Angry
1802.wav,Angry
1803.wav,Happy
1804.wav,Angry
1805.wav,Sad
1806.wav,Neutral
1807.wav,Happy
1808.wav,Sad
1809.wav,Angry
1810.wav,Angry
1811.wav,Sad
1812.wav,Fearful
1813.wav,Angry
1814.wav,Happy
1815.wav,Happy
1816.wav,Happy
1817.wav,Happy
1818.wav,Sad
1819.wav,Happy
1820.wav,Angry
1821.wav,Disgusted
1822.wav,Happy
1823.wav,Angry
1824.wav,Disgusted
1825.wav,Disgusted
1826.wav,Angry
1827.wav,Happy
1828.wav,Angry
1829.wav,Happy
1830.wav,Fearful
1831.wav,Sad
1832.wav,Angry
1833.wav,Fearful
1834.wav,Happy
1835.wav,Sad
1836.wav,Sad
1837.wav,Suprised
1838.wav,Fearful
1839.wav,Angry
1840.wav,Fearful
1841.wav,Disgusted
1842.wav,Happy
1843.wav,Happy
1844.wav,Disgusted
1845.wav,Sad
1846.wav,Angry
1847.wav,Disgusted
1848.wav,Angry
1849.wav,Angry
1850.wav,Happy
1851.wav,Angry
1852.wav,Sad
1853.wav,Happy
1854.wav,Angry
1855.wav,Happy
1856.wav,Suprised
1857.wav,Disgusted
1858.wav,Sad
1859.wav,Happy
1860.wav,Disgusted
1861.wav,Angry
1862.wav,Angry
1863.wav,Angry
1864.wav,Fearful
1865.wav,Neutral
1866.wav,Disgusted
1867.wav,Disgusted
1868.wav,Disgusted
1869.wav,Angry
1870.wav,Fearful
1871.wav,Suprised
1872.wav,Fearful
1873.wav,Happy
1874.wav,Happy
1875.wav,Disgusted
1876.wav,Angry
1877.wav,Neutral
1878.wav,Angry
1879.wav,Happy
1880.wav,Sad
1881.wav,Disgusted
1882.wav,Neutral
1883.wav,Suprised
1884.wav,Sad
1885.wav,Angry
1886.wav,Happy
1887.wav,Disgusted
1888.wav,Angry
1889.wav,Disgusted
1890.wav,Disgusted
1891.wav,Happy
1892.wav,Neutral
1893.wav,Neutral
1894.wav,Happy
1895.wav,Sad
1896.wav,Angry
1897.wav,Disgusted
1898.wav,Happy
1899.wav,Fearful
1900.wav,Fearful
1901.wav,Happy
1902.wav,Disgusted
1903.wav,Suprised
1904.wav,Neutral
1905.wav,Angry
1906.wav,Sad
1907.wav,Neutral
1908.wav,Suprised
1909.wav,Fearful
1910.wav,Neutral
1911.wav,Sad
1912.wav,Angry
1913.wav,Angry
1914.wav,Angry
1915.wav,Angry
1916.wav,Sad
1917.wav,Sad
1918.wav,Fearful
1919.wav,Angry
1920.wav,Happy
1921.wav,Suprised
1922.wav,Disgusted
1923.wav,Happy
1924.wav,Neutral
1925.wav,Angry
1926.wav,Happy
1927.wav,Fearful
1928.wav,Sad
1929.wav,Angry
1930.wav,Suprised
1931.wav,Happy
1932.wav,Sad
1933.wav,Happy
1934.wav,Disgusted
1935.wav,Happy
1936.wav,Sad
1937.wav,Happy
1938.wav,Happy
1939.wav,Fearful
1940.wav,Happy
1941.wav,Angry
1942.wav,Suprised
1943.wav,Fearful
1944.wav,Disgusted
1945.wav,Disgusted
1946.wav,Angry
1947.wav,Fearful
1948.wav,Disgusted
1949.wav,Angry
1950.wav,Fearful
1951.wav,Angry
1952.wav,Angry
1953.wav,Angry
1954.wav,Sad
1955.wav,Happy
1956.wav,Fearful
1957.wav,Neutral
1958.wav,Angry
1959.wav,Happy
1960.wav,Neutral
1961.wav,Disgusted
1962.wav,Fearful
1963.wav,Fearful
1964.wav,Sad
1965.wav,Angry
1966.wav,Disgusted
1967.wav,Angry
1968.wav,Angry
1969.wav,Sad
1970.wav,Happy
1971.wav,Suprised
1972.wav,Sad
1973.wav,Angry
1974.wav,Angry
1975.wav,Sad
1976.wav,Disgusted
1977.wav,Fearful
1978.wav,Disgusted
1979.wav,Angry
1980.wav,Neutral
1981.wav,Neutral
1982.wav,Fearful
1983.wav,Angry
1984.wav,Suprised
1985.wav,Suprised
1986.wav,Disgusted
1987.wav,Fearful
1988.wav,Fearful
1989.wav,Happy
1990.wav,Sad
1991.wav,Neutral
1992.wav,Disgusted
1993.wav,Fearful
1994.wav,Happy
1995.wav,Sad
1996.wav,Disgusted
1997.wav,Happy
1998.wav,Fearful
1999.wav,Fearful
2000.wav,Angry
2001.wav,Sad
2002.wav,Sad
2003.wav,Happy
2004.wav,Disgusted
2005.wav,Fearful
2006.wav,Neutral
2007.wav,Disgusted
2008.wav,Fearful
2009.wav,Disgusted
2010.wav,Fearful
2011.wav,Fearful
2012.wav,Fearful
2013.wav,Disgusted
2014.wav,Happy
2015.wav,Fearful
2016.wav,Happy
2017.wav,Disgusted
2018.wav,Fearful
2019.wav,Angry
2020.wav,Fearful
2021.wav,Disgusted
2022.wav,Disgusted
2023.wav,Fearful
2024.wav,Fearful
2025.wav,Happy
2026.wav,Fearful
2027.wav,Happy
2028.wav,Angry
2029.wav,Angry
2030.wav,Angry
2031.wav,Disgusted
2032.wav,Disgusted
2033.wav,Happy
2034.wav,Happy
2035.wav,Fearful
2036.wav,Fearful
2037.wav,Fearful
2038.wav,Sad
2039.wav,Neutral
2040.wav,Neutral
2041.wav,Neutral
2042.wav,Fearful
2043.wav,Disgusted
2044.wav,Disgusted
2045.wav,Happy
2046.wav,Angry
2047.wav,Happy
2048.wav,Fearful
2049.wav,Angry
2050.wav,Neutral
2051.wav,Fearful
2052.wav,Fearful
2053.wav,Disgusted
2054.wav,Angry
2055.wav,Disgusted
2056.wav,Suprised
2057.wav,Disgusted
2058.wav,Happy
2059.wav,Angry
2060.wav,Fearful
2061.wav,Disgusted
2062.wav,Sad
2063.wav,Happy
2064.wav,Fearful
2065.wav,Disgusted
2066.wav,Angry
2067.wav,Fearful
2068.wav,Happy
2069.wav,Neutral
2070.wav,Sad
2071.wav,Happy
2072.wav,Sad
2073.wav,Suprised
2074.wav,Angry
2075.wav,Neutral
2076.wav,Neutral
2077.wav,Neutral
2078.wav,Suprised
2079.wav,Neutral
2080.wav,Sad
2081.wav,Neutral
2082.wav,Suprised
2083.wav,Angry
2084.wav,Happy
2085.wav,Neutral
2086.wav,Fearful
2087.wav,Angry
2088.wav,Suprised
2089.wav,Sad
2090.wav,Disgusted
2091.wav,Fearful
2092.wav,Disgusted
2093.wav,Fearful
2094.wav,Disgusted
2095.wav,Fearful
2096.wav,Neutral
2097.wav,Neutral
2098.wav,Suprised
2099.wav,Fearful
2100.wav,Fearful
2101.wav,Disgusted
2102.wav,Neutral
2103.wav,Sad
2104.wav,Angry
2105.wav,Fearful
2106.wav,Happy
2107.wav,Happy
2108.wav,Suprised
2109.wav,Disgusted
2110.wav,Disgusted
2111.wav,Happy
2112.wav,Suprised
2113.wav,Angry
2114.wav,Fearful
2115.wav,Suprised
2116.wav,Fearful
2117.wav,Angry
2118.wav,Sad
2119.wav,Neutral
2120.wav,Happy
2121.wav,Suprised
2122.wav,Suprised
2123.wav,Fearful
2124.wav,Neutral
2125.wav,Fearful
2126.wav,Angry
2127.wav,Sad
2128.wav,Sad
2129.wav,Disgusted
2130.wav,Neutral
2131.wav,Angry
2132.wav,Disgusted
2133.wav,Sad
2134.wav,Happy
2135.wav,Angry
2136.wav,Fearful
2137.wav,Neutral
2138.wav,Happy
2139.wav,Suprised
2140.wav,Sad
2141.wav,Disgusted
2142.wav,Fearful
2143.wav,Angry
2144.wav,Fearful
2145.wav,Fearful
2146.wav,Disgusted
2147.wav,Disgusted
2148.wav,Disgusted
2149.wav,Fearful
2150.wav,Disgusted
2151.wav,Disgusted
2152.wav,Angry
2153.wav,Neutral
2154.wav,Fearful
2155.wav,Sad
2156.wav,Angry
2157.wav,Happy
2158.wav,Sad
2159.wav,Fearful
2160.wav,Neutral
2161.wav,Disgusted
2162.wav,Angry
2163.wav,Angry
2164.wav,Suprised
2165.wav,Happy
2166.wav,Disgusted
2167.wav,Fearful
2168.wav,Angry
2169.wav,Sad
2170.wav,Fearful
2171.wav,Disgusted
2172.wav,Fearful
2173.wav,Angry
2174.wav,Suprised
2175.wav,Fearful
2176.wav,Happy
2177.wav,Disgusted
2178.wav,Fearful
2179.wav,Angry
2180.wav,Happy
2181.wav,Sad
2182.wav,Neutral
2183.wav,Neutral
2184.wav,Fearful
2185.wav,Sad
2186.wav,Sad
2187.wav,Disgusted
2188.wav,Angry
2189.wav,Sad
2190.wav,Sad
2191.wav,Sad
2192.wav,Disgusted
2193.wav,Angry
2194.wav,Fearful
2195.wav,Angry
2196.wav,Fearful
2197.wav,Disgusted
2198.wav,Happy
2199.wav,Sad
2200.wav,Disgusted
2201.wav,Angry
2202.wav,Happy
2203.wav,Angry
2204.wav,Sad
2205.wav,Happy
2206.wav,Fearful
2207.wav,Neutral
2208.wav,Disgusted
2209.wav,Disgusted
2210.wav,Neutral
2211.wav,Happy
2212.wav,Fearful
2213.wav,Angry
2214.wav,Disgusted
2215.wav,Disgusted
2216.wav,Sad
2217.wav,Fearful
2218.wav,Sad
2219.wav,Happy
2220.wav,Neutral
2221.wav,Angry
2222.wav,Sad
2223.wav,Happy
2224.wav,Happy
2225.wav,Disgusted
2226.wav,Fearful
2227.wav,Sad
2228.wav,Happy
2229.wav,Sad
2230.wav,Angry
2231.wav,Suprised
2232.wav,Happy
2233.wav,Fearful
2234.wav,Fearful
2235.wav,Angry
2236.wav,Fearful
2237.wav,Happy
2238.wav,Happy
2239.wav,Fearful
2240.wav,Happy
2241.wav,Disgusted
2242.wav,Sad
2243.wav,Happy
2244.wav,Angry
2245.wav,Angry
2246.wav,Fearful
2247.wav,Angry
2248.wav,Disgusted
2249.wav,Angry
2250.wav,Sad
2251.wav,Neutral
2252.wav,Disgusted
2253.wav,Angry
2254.wav,Fearful
2255.wav,Disgusted
2256.wav,Disgusted
2257.wav,Sad
2258.wav,Angry
2259.wav,Angry
2260.wav,Angry
2261.wav,Happy
2262.wav,Disgusted
2263.wav,Happy
2264.wav,Sad
2265.wav,Angry
2266.wav,Fearful
2267.wav,Disgusted
2268.wav,Sad
2269.wav,Happy
2270.wav,Angry
2271.wav,Fearful
2272.wav,Disgusted
2273.wav,Disgusted
2274.wav,Sad
2275.wav,Fearful
2276.wav,Disgusted
2277.wav,Fearful
2278.wav,Happy
2279.wav,Disgusted
2280.wav,Happy
2281.wav,Sad
2282.wav,Disgusted
2283.wav,Disgusted
2284.wav,Sad
2285.wav,Fearful
2286.wav,Disgusted
2287.wav,Fearful
2288.wav,Suprised
2289.wav,Angry
2290.wav,Angry
2291.wav,Disgusted
2292.wav,Suprised
2293.wav,Angry
2294.wav,Fearful
2295.wav,Sad
2296.wav,Disgusted
2297.wav,Neutral
2298.wav,Sad
2299.wav,Disgusted
2300.wav,Disgusted
2301.wav,Fearful
2302.wav,Neutral
2303.wav,Disgusted
2304.wav,Disgusted
2305.wav,Disgusted
2306.wav,Neutral
2307.wav,Disgusted
2308.wav,Sad
2309.wav,Happy
2310.wav,Angry
2311.wav,Neutral
2312.wav,Disgusted
2313.wav,Fearful
2314.wav,Angry
2315.wav,Angry
2316.wav,Angry
2317.wav,Disgusted
2318.wav,Disgusted
2319.wav,Happy
2320.wav,Happy
2321.wav,Neutral
2322.wav,Neutral
2323.wav,Angry
2324.wav,Sad
2325.wav,Sad
2326.wav,Angry
2327.wav,Suprised
2328.wav,Happy
2329.wav,Angry
2330.wav,Fearful
2331.wav,Disgusted
2332.wav,Angry
2333.wav,Angry
2334.wav,Neutral
2335.wav,Sad
2336.wav,Disgusted
2337.wav,Sad
2338.wav,Disgusted
2339.wav,Fearful
2340.wav,Disgusted
2341.wav,Sad
2342.wav,Sad
2343.wav,Happy
2344.wav,Happy
2345.wav,Angry
2346.wav,Fearful
2347.wav,Disgusted
2348.wav,Disgusted
2349.wav,Angry
2350.wav,Sad
2351.wav,Neutral
2352.wav,Angry
2353.wav,Fearful
2354.wav,Angry
2355.wav,Angry
2356.wav,Happy
2357.wav,Happy
2358.wav,Angry
2359.wav,Neutral
2360.wav,Fearful
2361.wav,Sad
2362.wav,Angry
2363.wav,Happy
2364.wav,Sad
2365.wav,Fearful
2366.wav,Angry
2367.wav,Angry
2368.wav,Happy
2369.wav,Disgusted
2370.wav,Fearful
2371.wav,Sad
2372.wav,Neutral
2373.wav,Fearful
2374.wav,Happy
2375.wav,Happy
2376.wav,Fearful
2377.wav,Happy
2378.wav,Angry
2379.wav,Angry
2380.wav,Happy
2381.wav,Disgusted
2382.wav,Fearful
2383.wav,Happy
2384.wav,Angry
2385.wav,Sad
2386.wav,Neutral
2387.wav,Disgusted
2388.wav,Sad
2389.wav,Happy
2390.wav,Suprised
2391.wav,Fearful
2392.wav,Happy
2393.wav,Neutral
2394.wav,Disgusted
2395.wav,Disgusted
2396.wav,Happy
2397.wav,Fearful
2398.wav,Disgusted
2399.wav,Neutral
2400.wav,Angry
2401.wav,Sad
2402.wav,Happy
2403.wav,Fearful
2404.wav,Angry
2405.wav,Happy
2406.wav,Neutral
2407.wav,Neutral
2408.wav,Sad
2409.wav,Fearful
2410.wav,Angry
2411.wav,Fearful
2412.wav,Fearful
2413.wav,Fearful
2414.wav,Neutral
2415.wav,Disgusted
2416.wav,Neutral
2417.wav,Angry
2418.wav,Disgusted
2419.wav,Happy
2420.wav,Neutral
2421.wav,Disgusted
2422.wav,Fearful
2423.wav,Disgusted
2424.wav,Fearful
2425.wav,Sad
2426.wav,Neutral
2427.wav,Angry
2428.wav,Angry
2429.wav,Happy
2430.wav,Happy
2431.wav,Sad
2432.wav,Angry
2433.wav,Disgusted
2434.wav,Angry
2435.wav,Angry
2436.wav,Happy
2437.wav,Fearful
2438.wav,Disgusted
2439.wav,Happy
2440.wav,Neutral
2441.wav,Angry
2442.wav,Fearful
2443.wav,Fearful
2444.wav,Happy
2445.wav,Happy
2446.wav,Fearful
2447.wav,Neutral
2448.wav,Fearful
2449.wav,Disgusted
2450.wav,Fearful
2451.wav,Neutral
2452.wav,Angry
2453.wav,Suprised
2454.wav,Sad
2455.wav,Angry
2456.wav,Disgusted
2457.wav,Disgusted
2458.wav,Sad
2459.wav,Angry
2460.wav,Happy
2461.wav,Suprised
2462.wav,Suprised
2463.wav,Disgusted
2464.wav,Angry
2465.wav,Happy
2466.wav,Disgusted
2467.wav,Disgusted
2468.wav,Angry
2469.wav,Happy
2470.wav,Sad
2471.wav,Neutral
2472.wav,Neutral
2473.wav,Angry
2474.wav,Fearful
2475.wav,Neutral
2476.wav,Angry
2477.wav,Happy
2478.wav,Angry
2479.wav,Sad
2480.wav,Happy
2481.wav,Disgusted
2482.wav,Sad
2483.wav,Disgusted
2484.wav,Sad
2485.wav,Fearful
2486.wav,Disgusted
2487.wav,Neutral
2488.wav,Disgusted
2489.wav,Fearful
2490.wav,Fearful
2491.wav,Neutral
2492.wav,Sad
2493.wav,Angry
2494.wav,Fearful
2495.wav,Angry
2496.wav,Fearful
2497.wav,Happy
2498.wav,Neutral
2499.wav,Happy
2500.wav,Neutral
2501.wav,Neutral
2502.wav,Fearful
2503.wav,Fearful
2504.wav,Neutral
2505.wav,Angry
2506.wav,Fearful
2507.wav,Fearful
2508.wav,Happy
2509.wav,Happy
2510.wav,Neutral
2511.wav,Suprised
2512.wav,Happy
2513.wav,Angry
2514.wav,Angry
2515.wav,Angry
2516.wav,Happy
2517.wav,Neutral
2518.wav,Disgusted
2519.wav,Disgusted
2520.wav,Happy
2521.wav,Suprised
2522.wav,Sad
2523.wav,Neutral
2524.wav,Fearful
2525.wav,Happy
2526.wav,Sad
2527.wav,Happy
2528.wav,Angry
2529.wav,Angry
2530.wav,Angry
2531.wav,Fearful
2532.wav,Sad
2533.wav,Sad
2534.wav,Disgusted
2535.wav,Happy
2536.wav,Disgusted
2537.wav,Angry
2538.wav,Sad
2539.wav,Fearful
2540.wav,Fearful
2541.wav,Disgusted
2542.wav,Neutral
2543.wav,Fearful
2544.wav,Sad
2545.wav,Angry
2546.wav,Fearful
2547.wav,Suprised
2548.wav,Neutral
2549.wav,Happy
2550.wav,Fearful
2551.wav,Sad
2552.wav,Suprised
2553.wav,Happy
2554.wav,Fearful
2555.wav,Fearful
2556.wav,Neutral
2557.wav,Sad
